time,id,source,dest
0,p0,1,32
0,p1,1,70
0,p2,1,83
0,p3,1,95
0,p4,1,24
0,p5,1,75
0,p6,1,58
0,p7,1,44
0,p8,1,80
0,p9,1,95
0,p10,1,49
0,p11,1,91
0,p12,1,77
0,p13,1,20
0,p14,1,98
0,p15,1,60
0,p16,1,25
0,p17,1,88
0,p18,1,75
0,p19,1,82
0,p20,1,44
0,p21,1,92
0,p22,1,55
0,p23,1,98
0,p24,1,80
0,p25,1,55
0,p26,1,71
0,p27,1,83
0,p28,1,46
0,p29,1,72
0,p30,1,47
0,p31,1,31
0,p32,1,36
0,p33,1,24
0,p34,1,81
0,p35,1,87
0,p36,1,51
0,p37,1,37
0,p38,1,84
0,p39,1,25
0,p40,1,61
0,p41,1,52
0,p42,1,38
0,p43,1,56
0,p44,1,38
0,p45,1,79
0,p46,1,63
0,p47,1,83
0,p48,1,72
0,p49,1,46
0,p50,1,48
0,p51,1,62
0,p52,1,3
0,p53,1,16
0,p54,1,56
0,p55,1,10
0,p56,1,2
0,p57,1,68
0,p58,1,60
0,p59,1,60
0,p60,1,59
0,p61,1,69
0,p62,1,33
0,p63,1,92
0,p64,1,48
0,p65,1,47
0,p66,1,49
0,p67,1,58
0,p68,1,40
0,p69,1,79
0,p70,1,52
0,p71,1,25
0,p72,1,26
0,p73,1,83
0,p74,1,83
0,p75,1,80
0,p76,1,67
0,p77,1,67
0,p78,1,60
0,p79,1,67
0,p80,1,20
0,p81,1,23
0,p82,1,73
0,p83,1,91
0,p84,1,46
0,p85,1,21
0,p86,1,38
0,p87,1,8
0,p88,1,97
0,p89,1,23
0,p90,1,47
0,p91,1,34
0,p92,1,85
0,p93,1,88
0,p94,1,33
0,p95,1,20
0,p96,1,61
0,p97,1,77
0,p98,1,66
0,p99,1,42
0,p100,1,23
0,p101,1,14
0,p102,1,39
0,p103,1,99
0,p104,1,77
0,p105,1,66
0,p106,1,65
0,p107,1,46
0,p108,1,91
0,p109,1,25
0,p110,1,96
0,p111,1,82
0,p112,1,66
0,p113,1,44
0,p114,1,24
0,p115,1,100
0,p116,1,56
0,p117,1,39
0,p118,1,5
0,p119,1,90
0,p120,1,80
0,p121,1,39
0,p122,1,78
0,p123,1,54
0,p124,1,56
0,p125,1,26
0,p126,1,78
0,p127,1,19
0,p128,1,55
0,p129,1,15
0,p130,1,88
0,p131,1,60
0,p132,1,85
0,p133,1,61
0,p134,1,41
0,p135,1,85
0,p136,1,29
0,p137,1,60
0,p138,1,25
0,p139,1,57
0,p140,1,19
0,p141,1,34
0,p142,1,87
0,p143,1,75
0,p144,1,47
0,p145,1,10
0,p146,1,69
0,p147,1,20
0,p148,1,70
0,p149,1,19
0,p150,1,64
0,p151,1,22
0,p152,1,81
0,p153,1,69
0,p154,1,56
0,p155,1,77
0,p156,1,72
0,p157,1,49
0,p158,1,18
0,p159,1,85
0,p160,1,99
0,p161,1,58
0,p162,1,63
0,p163,1,85
0,p164,1,9
0,p165,1,84
0,p166,1,94
0,p167,1,79
0,p168,1,20
0,p169,1,11
0,p170,1,68
0,p171,1,66
0,p172,1,33
0,p173,1,41
0,p174,1,94
0,p175,1,56
0,p176,1,80
0,p177,1,63
0,p178,1,50
0,p179,1,56
0,p180,1,36
0,p181,1,36
0,p182,1,85
0,p183,1,47
0,p184,1,64
0,p185,1,29
0,p186,1,55
0,p187,1,8
0,p188,1,28
0,p189,1,30
0,p190,1,97
0,p191,1,24
0,p192,1,90
0,p193,1,78
0,p194,1,77
0,p195,1,51
0,p196,1,89
0,p197,1,68
0,p198,1,21
0,p199,1,73
0,p200,1,37
0,p201,1,95
0,p202,1,57
0,p203,1,63
0,p204,1,63
0,p205,1,100
0,p206,1,94
0,p207,1,74
0,p208,1,92
0,p209,1,99
0,p210,1,75
0,p211,1,35
0,p212,1,33
0,p213,1,93
0,p214,1,28
0,p215,1,91
0,p216,1,15
0,p217,1,2
0,p218,1,56
0,p219,1,79
0,p220,1,47
0,p221,1,43
0,p222,1,66
0,p223,1,57
0,p224,1,100
0,p225,1,20
0,p226,1,89
0,p227,1,76
0,p228,1,22
0,p229,1,75
0,p230,1,90
0,p231,1,18
0,p232,1,27
0,p233,1,78
0,p234,1,15
0,p235,1,71
0,p236,1,63
0,p237,1,53
0,p238,1,65
0,p239,1,28
0,p240,1,21
0,p241,1,14
0,p242,1,60
0,p243,1,71
0,p244,1,98
0,p245,1,84
0,p246,1,57
0,p247,1,73
0,p248,1,95
0,p249,1,16
0,p250,1,33
0,p251,1,13
0,p252,1,12
0,p253,1,58
0,p254,1,55
0,p255,1,81
0,p256,1,47
0,p257,1,52
0,p258,1,63
0,p259,1,26
0,p260,1,52
0,p261,1,87
0,p262,1,34
0,p263,1,73
0,p264,1,67
0,p265,1,15
0,p266,1,50
0,p267,1,68
0,p268,1,95
0,p269,1,5
0,p270,1,66
0,p271,1,72
0,p272,1,44
0,p273,1,34
0,p274,1,79
0,p275,1,43
0,p276,1,5
0,p277,1,44
0,p278,1,50
0,p279,1,57
0,p280,1,86
0,p281,1,42
0,p282,1,72
0,p283,1,91
0,p284,1,52
0,p285,1,100
0,p286,1,19
0,p287,1,91
0,p288,1,23
0,p289,1,72
0,p290,1,28
0,p291,1,46
0,p292,1,76
0,p293,1,64
0,p294,1,37
0,p295,1,33
0,p296,1,17
0,p297,1,50
0,p298,1,79
0,p299,1,83
0,p300,1,32
0,p301,1,53
0,p302,1,35
0,p303,1,27
0,p304,1,31
0,p305,1,92
0,p306,1,77
0,p307,1,74
0,p308,1,21
0,p309,1,17
0,p310,1,62
0,p311,1,88
0,p312,1,2
0,p313,1,33
0,p314,1,18
0,p315,1,52
0,p316,1,3
0,p317,1,38
0,p318,1,76
0,p319,1,78
0,p320,1,49
0,p321,1,79
0,p322,1,78
0,p323,1,68
0,p324,1,77
0,p325,1,54
0,p326,1,96
0,p327,1,40
0,p328,1,70
0,p329,1,57
0,p330,1,16
0,p331,1,65
0,p332,1,63
0,p333,1,98
0,p334,1,12
0,p335,1,55
0,p336,1,90
0,p337,1,61
0,p338,1,21
0,p339,1,46
0,p340,1,29
0,p341,1,19
0,p342,1,51
0,p343,1,11
0,p344,1,65
0,p345,1,26
0,p346,1,32
0,p347,1,25
0,p348,1,55
0,p349,1,80
0,p350,1,50
0,p351,1,16
0,p352,1,13
0,p353,1,62
0,p354,1,28
0,p355,1,32
0,p356,1,18
0,p357,1,90
0,p358,1,53
0,p359,1,47
0,p360,1,53
0,p361,1,6
0,p362,1,79
0,p363,1,15
0,p364,1,39
0,p365,1,96
0,p366,1,15
0,p367,1,42
0,p368,1,74
0,p369,1,92
0,p370,1,55
0,p371,1,29
0,p372,1,95
0,p373,1,7
0,p374,1,87
0,p375,1,83
0,p376,1,38
0,p377,1,10
0,p378,1,21
0,p379,1,65
0,p380,1,8
0,p381,1,26
0,p382,1,36
0,p383,1,41
0,p384,1,3
0,p385,1,60
0,p386,1,17
0,p387,1,3
0,p388,1,53
0,p389,1,13
0,p390,1,69
0,p391,1,84
0,p392,1,74
0,p393,1,69
0,p394,1,37
0,p395,1,8
0,p396,1,83
0,p397,1,71
0,p398,1,50
0,p399,1,54
0,p400,1,50
0,p401,1,25
0,p402,1,28
0,p403,1,80
0,p404,1,69
0,p405,1,77
0,p406,1,63
0,p407,1,93
0,p408,1,71
0,p409,1,48
0,p410,1,37
0,p411,1,33
0,p412,1,66
0,p413,1,28
0,p414,1,26
0,p415,1,54
0,p416,1,56
0,p417,1,14
0,p418,1,40
0,p419,1,14
0,p420,1,81
0,p421,1,3
0,p422,1,46
0,p423,1,45
0,p424,1,67
0,p425,1,6
0,p426,1,72
0,p427,1,27
0,p428,1,13
0,p429,1,88
0,p430,1,77
0,p431,1,23
0,p432,1,26
0,p433,1,2
0,p434,1,5
0,p435,1,96
0,p436,1,28
0,p437,1,20
0,p438,1,78
0,p439,1,8
0,p440,1,94
0,p441,1,78
0,p442,1,63
0,p443,1,31
0,p444,1,23
0,p445,1,34
0,p446,1,70
0,p447,1,68
0,p448,1,86
0,p449,1,42
0,p450,1,64
0,p451,1,67
0,p452,1,86
0,p453,1,55
0,p454,1,70
0,p455,1,16
0,p456,1,62
0,p457,1,45
0,p458,1,45
0,p459,1,21
0,p460,1,41
0,p461,1,51
0,p462,1,92
0,p463,1,25
0,p464,1,58
0,p465,1,5
0,p466,1,100
0,p467,1,65
0,p468,1,52
0,p469,1,11
0,p470,1,10
0,p471,1,52
0,p472,1,41
0,p473,1,24
0,p474,1,73
0,p475,1,17
0,p476,1,32
0,p477,1,91
0,p478,1,39
0,p479,1,93
0,p480,1,68
0,p481,1,90
0,p482,1,62
0,p483,1,57
0,p484,1,70
0,p485,1,48
0,p486,1,97
0,p487,1,4
0,p488,1,33
0,p489,1,18
0,p490,1,41
0,p491,1,62
0,p492,1,19
0,p493,1,55
0,p494,1,46
0,p495,1,48
0,p496,1,81
0,p497,1,99
0,p498,1,50
0,p499,1,7
0,p500,1,85
0,p501,1,88
0,p502,1,91
0,p503,1,96
0,p504,1,76
0,p505,1,86
0,p506,1,56
0,p507,1,70
0,p508,1,4
0,p509,1,40
0,p510,1,66
0,p511,1,72
0,p512,1,53
0,p513,1,65
0,p514,1,15
0,p515,1,81
0,p516,1,30
0,p517,1,26
0,p518,1,3
0,p519,1,31
0,p520,1,77
0,p521,1,62
0,p522,1,64
0,p523,1,90
0,p524,1,59
0,p525,1,13
0,p526,1,5
0,p527,1,61
0,p528,1,39
0,p529,1,58
0,p530,1,26
0,p531,1,69
0,p532,1,10
0,p533,1,93
0,p534,1,9
0,p535,1,49
0,p536,1,31
0,p537,1,15
0,p538,1,19
0,p539,1,49
0,p540,1,28
0,p541,1,39
0,p542,1,45
0,p543,1,2
0,p544,1,89
0,p545,1,19
0,p546,1,12
0,p547,1,71
0,p548,1,93
0,p549,1,3
0,p550,1,2
0,p551,1,49
0,p552,1,37
0,p553,1,83
0,p554,1,69
0,p555,1,98
0,p556,1,27
0,p557,1,63
0,p558,1,33
0,p559,1,74
0,p560,1,79
0,p561,1,16
0,p562,1,31
0,p563,1,40
0,p564,1,29
0,p565,1,42
0,p566,1,14
0,p567,1,77
0,p568,1,9
0,p569,1,14
0,p570,1,3
0,p571,1,30
0,p572,1,12
0,p573,1,84
0,p574,1,65
0,p575,1,21
0,p576,1,38
0,p577,1,99
0,p578,1,35
0,p579,1,29
0,p580,1,72
0,p581,1,41
0,p582,1,56
0,p583,1,22
0,p584,1,72
0,p585,1,7
0,p586,1,56
0,p587,1,76
0,p588,1,3
0,p589,1,3
0,p590,1,17
0,p591,1,62
0,p592,1,47
0,p593,1,99
0,p594,1,14
0,p595,1,61
0,p596,1,96
0,p597,1,32
0,p598,1,77
0,p599,1,53
0,p600,1,58
0,p601,1,37
0,p602,1,50
0,p603,1,85
0,p604,1,85
0,p605,1,12
0,p606,1,46
0,p607,1,70
0,p608,1,41
0,p609,1,66
0,p610,1,14
0,p611,1,89
0,p612,1,52
0,p613,1,66
0,p614,1,43
0,p615,1,49
0,p616,1,11
0,p617,1,50
0,p618,1,24
0,p619,1,41
0,p620,1,95
0,p621,1,45
0,p622,1,73
0,p623,1,46
0,p624,1,50
0,p625,1,61
0,p626,1,41
0,p627,1,34
0,p628,1,78
0,p629,1,85
0,p630,1,31
0,p631,1,20
0,p632,1,18
0,p633,1,80
0,p634,1,73
0,p635,1,35
0,p636,1,98
0,p637,1,73
0,p638,1,39
0,p639,1,88
0,p640,1,62
0,p641,1,91
0,p642,1,12
0,p643,1,77
0,p644,1,66
0,p645,1,56
0,p646,1,78
0,p647,1,17
0,p648,1,27
0,p649,1,99
0,p650,1,74
0,p651,1,78
0,p652,1,6
0,p653,1,31
0,p654,1,15
0,p655,1,55
0,p656,1,9
0,p657,1,12
0,p658,1,21
0,p659,1,68
0,p660,1,22
0,p661,1,3
0,p662,1,85
0,p663,1,88
0,p664,1,52
0,p665,1,42
0,p666,1,59
0,p667,1,32
0,p668,1,32
0,p669,1,41
0,p670,1,36
0,p671,1,15
0,p672,1,26
0,p673,1,63
0,p674,1,62
0,p675,1,75
0,p676,1,99
0,p677,1,29
0,p678,1,97
0,p679,1,12
0,p680,1,49
0,p681,1,55
0,p682,1,79
0,p683,1,54
0,p684,1,81
0,p685,1,65
0,p686,1,47
0,p687,1,37
0,p688,1,96
0,p689,1,59
0,p690,1,50
0,p691,1,22
0,p692,1,34
0,p693,1,93
0,p694,1,38
0,p695,1,35
0,p696,1,33
0,p697,1,87
0,p698,1,41
0,p699,1,90
0,p700,1,86
0,p701,1,35
0,p702,1,86
0,p703,1,12
0,p704,1,25
0,p705,1,7
0,p706,1,45
0,p707,1,12
0,p708,1,80
0,p709,1,32
0,p710,1,63
0,p711,1,31
0,p712,1,38
0,p713,1,61
0,p714,1,87
0,p715,1,70
0,p716,1,45
0,p717,1,11
0,p718,1,76
0,p719,1,10
0,p720,1,68
0,p721,1,50
0,p722,1,27
0,p723,1,2
0,p724,1,4
0,p725,1,90
0,p726,1,59
0,p727,1,73
0,p728,1,20
0,p729,1,32
0,p730,1,3
0,p731,1,59
0,p732,1,5
0,p733,1,54
0,p734,1,23
0,p735,1,43
0,p736,1,12
0,p737,1,96
0,p738,1,20
0,p739,1,40
0,p740,1,42
0,p741,1,10
0,p742,1,49
0,p743,1,52
0,p744,1,4
0,p745,1,83
0,p746,1,33
0,p747,1,32
0,p748,1,56
0,p749,1,14
0,p750,1,37
0,p751,1,5
0,p752,1,22
0,p753,1,22
0,p754,1,13
0,p755,1,26
0,p756,1,59
0,p757,1,86
0,p758,1,26
0,p759,1,17
0,p760,1,15
0,p761,1,21
0,p762,1,58
0,p763,1,28
0,p764,1,25
0,p765,1,99
0,p766,1,77
0,p767,1,58
0,p768,1,45
0,p769,1,43
0,p770,1,97
0,p771,1,27
0,p772,1,87
0,p773,1,86
0,p774,1,83
0,p775,1,93
0,p776,1,50
0,p777,1,96
0,p778,1,42
0,p779,1,96
0,p780,1,62
0,p781,1,72
0,p782,1,29
0,p783,1,14
0,p784,1,3
0,p785,1,71
0,p786,1,96
0,p787,1,65
0,p788,1,90
0,p789,1,45
0,p790,1,64
0,p791,1,7
0,p792,1,5
0,p793,1,70
0,p794,1,75
0,p795,1,58
0,p796,1,78
0,p797,1,23
0,p798,1,85
0,p799,1,88
0,p800,1,62
0,p801,1,52
0,p802,1,80
0,p803,1,61
0,p804,1,72
0,p805,1,82
0,p806,1,86
0,p807,1,88
0,p808,1,71
0,p809,1,3
0,p810,1,50
0,p811,1,77
0,p812,1,19
0,p813,1,6
0,p814,1,41
0,p815,1,54
0,p816,1,93
0,p817,1,57
0,p818,1,45
0,p819,1,2
0,p820,1,3
0,p821,1,92
0,p822,1,16
0,p823,1,70
0,p824,1,49
0,p825,1,88
0,p826,1,44
0,p827,1,81
0,p828,1,72
0,p829,1,57
0,p830,1,67
0,p831,1,33
0,p832,1,17
0,p833,1,67
0,p834,1,72
0,p835,1,12
0,p836,1,34
0,p837,1,41
0,p838,1,66
0,p839,1,66
0,p840,1,64
0,p841,1,78
0,p842,1,94
0,p843,1,50
0,p844,1,79
0,p845,1,21
0,p846,1,99
0,p847,1,30
0,p848,1,83
0,p849,1,44
0,p850,1,55
0,p851,1,13
0,p852,1,35
0,p853,1,50
0,p854,1,35
0,p855,1,18
0,p856,1,96
0,p857,1,19
0,p858,1,5
0,p859,1,98
0,p860,1,13
0,p861,1,12
0,p862,1,96
0,p863,1,68
0,p864,1,96
0,p865,1,32
0,p866,1,46
0,p867,1,72
0,p868,1,36
0,p869,1,28
0,p870,1,23
0,p871,1,77
0,p872,1,52
0,p873,1,53
0,p874,1,23
0,p875,1,33
0,p876,1,46
0,p877,1,83
0,p878,1,77
0,p879,1,65
0,p880,1,80
0,p881,1,72
0,p882,1,40
0,p883,1,88
0,p884,1,86
0,p885,1,97
0,p886,1,73
0,p887,1,28
0,p888,1,26
0,p889,1,53
0,p890,1,49
0,p891,1,39
0,p892,1,30
0,p893,1,80
0,p894,1,34
0,p895,1,12
0,p896,1,27
0,p897,1,36
0,p898,1,15
0,p899,1,44
0,p900,1,79
0,p901,1,93
0,p902,1,80
0,p903,1,13
0,p904,1,37
0,p905,1,10
0,p906,1,19
0,p907,1,57
0,p908,1,74
0,p909,1,16
0,p910,1,10
0,p911,1,59
0,p912,1,66
0,p913,1,45
0,p914,1,91
0,p915,1,33
0,p916,1,67
0,p917,1,63
0,p918,1,51
0,p919,1,83
0,p920,1,96
0,p921,1,94
0,p922,1,93
0,p923,1,30
0,p924,1,17
0,p925,1,46
0,p926,1,4
0,p927,1,61
0,p928,1,48
0,p929,1,71
0,p930,1,22
0,p931,1,72
0,p932,1,73
0,p933,1,68
0,p934,1,59
0,p935,1,69
0,p936,1,23
0,p937,1,54
0,p938,1,94
0,p939,1,21
0,p940,1,29
0,p941,1,85
0,p942,1,93
0,p943,1,73
0,p944,1,13
0,p945,1,52
0,p946,1,50
0,p947,1,6
0,p948,1,55
0,p949,1,73
0,p950,1,58
0,p951,1,44
0,p952,1,31
0,p953,1,78
0,p954,1,22
0,p955,1,73
0,p956,1,7
0,p957,1,44
0,p958,1,69
0,p959,1,2
0,p960,1,89
0,p961,1,8
0,p962,1,93
0,p963,1,26
0,p964,1,18
0,p965,1,49
0,p966,1,77
0,p967,1,88
0,p968,1,96
0,p969,1,86
0,p970,1,63
0,p971,1,55
0,p972,1,76
0,p973,1,77
0,p974,1,29
0,p975,1,33
0,p976,1,56
0,p977,1,60
0,p978,1,17
0,p979,1,74
0,p980,1,24
0,p981,1,21
0,p982,1,71
0,p983,1,44
0,p984,1,93
0,p985,1,92
0,p986,1,83
0,p987,1,11
0,p988,1,16
0,p989,1,44
0,p990,1,32
0,p991,1,28
0,p992,1,77
0,p993,1,73
0,p994,1,81
0,p995,1,52
0,p996,1,50
0,p997,1,19
0,p998,1,48
0,p999,1,83
0,p1000,1,98
0,p1001,1,89
0,p1002,1,56
0,p1003,1,62
0,p1004,1,48
0,p1005,1,90
0,p1006,1,44
0,p1007,1,27
0,p1008,1,40
0,p1009,1,43
0,p1010,1,50
0,p1011,1,47
0,p1012,1,4
0,p1013,1,75
0,p1014,1,42
0,p1015,1,34
0,p1016,1,52
0,p1017,1,24
0,p1018,1,43
0,p1019,1,11
0,p1020,1,68
0,p1021,1,78
0,p1022,1,17
0,p1023,1,50
0,p1024,1,62
0,p1025,1,26
0,p1026,1,54
0,p1027,1,93
0,p1028,1,28
0,p1029,1,36
0,p1030,1,43
0,p1031,1,23
0,p1032,1,44
0,p1033,1,8
0,p1034,1,22
0,p1035,1,78
0,p1036,1,63
0,p1037,1,12
0,p1038,1,34
0,p1039,1,99
0,p1040,1,21
0,p1041,1,94
0,p1042,1,86
0,p1043,1,28
0,p1044,1,43
0,p1045,1,90
0,p1046,1,52
0,p1047,1,7
0,p1048,1,55
0,p1049,1,20
0,p1050,1,9
0,p1051,1,32
0,p1052,1,39
0,p1053,1,20
0,p1054,1,31
0,p1055,1,100
0,p1056,1,95
0,p1057,1,85
0,p1058,1,91
0,p1059,1,86
0,p1060,1,5
0,p1061,1,84
0,p1062,1,3
0,p1063,1,70
0,p1064,1,52
0,p1065,1,60
0,p1066,1,12
0,p1067,1,54
0,p1068,1,69
0,p1069,1,46
0,p1070,1,66
0,p1071,1,58
0,p1072,1,91
0,p1073,1,36
0,p1074,1,18
0,p1075,1,41
0,p1076,1,42
0,p1077,1,46
0,p1078,1,24
0,p1079,1,68
0,p1080,1,8
0,p1081,1,72
0,p1082,1,36
0,p1083,1,42
0,p1084,1,87
0,p1085,1,4
0,p1086,1,12
0,p1087,1,41
0,p1088,1,24
0,p1089,1,65
0,p1090,1,82
0,p1091,1,14
0,p1092,1,31
0,p1093,1,14
0,p1094,1,41
0,p1095,1,20
0,p1096,1,36
0,p1097,1,49
0,p1098,1,72
0,p1099,1,93
0,p1100,1,82
0,p1101,1,3
0,p1102,1,84
0,p1103,1,21
0,p1104,1,21
0,p1105,1,35
0,p1106,1,97
0,p1107,1,86
0,p1108,1,8
0,p1109,1,48
0,p1110,1,14
0,p1111,1,57
0,p1112,1,11
0,p1113,1,31
0,p1114,1,63
0,p1115,1,61
0,p1116,1,31
0,p1117,1,8
0,p1118,1,46
0,p1119,1,38
0,p1120,1,65
0,p1121,1,45
0,p1122,1,28
0,p1123,1,4
0,p1124,1,95
0,p1125,1,12
0,p1126,1,35
0,p1127,1,17
0,p1128,1,91
0,p1129,1,11
0,p1130,1,68
0,p1131,1,95
0,p1132,1,57
0,p1133,1,43
0,p1134,1,63
0,p1135,1,19
0,p1136,1,5
0,p1137,1,45
0,p1138,1,87
0,p1139,1,95
0,p1140,1,97
0,p1141,1,96
0,p1142,1,57
0,p1143,1,75
0,p1144,1,5
0,p1145,1,84
0,p1146,1,39
0,p1147,1,54
0,p1148,1,25
0,p1149,1,66
0,p1150,1,70
0,p1151,1,57
0,p1152,1,56
0,p1153,1,50
0,p1154,1,86
0,p1155,1,91
0,p1156,1,79
0,p1157,1,89
0,p1158,1,79
0,p1159,1,48
0,p1160,1,96
0,p1161,1,17
0,p1162,1,63
0,p1163,1,48
0,p1164,1,46
0,p1165,1,27
0,p1166,1,86
0,p1167,1,11
0,p1168,1,17
0,p1169,1,78
0,p1170,1,4
0,p1171,1,38
0,p1172,1,70
0,p1173,1,29
0,p1174,1,100
0,p1175,1,94
0,p1176,1,11
0,p1177,1,97
0,p1178,1,95
0,p1179,1,61
0,p1180,1,7
0,p1181,1,2
0,p1182,1,36
0,p1183,1,63
0,p1184,1,5
0,p1185,1,4
0,p1186,1,31
0,p1187,1,63
0,p1188,1,30
0,p1189,1,18
0,p1190,1,44
0,p1191,1,34
0,p1192,1,5
0,p1193,1,26
0,p1194,1,19
0,p1195,1,59
0,p1196,1,79
0,p1197,1,2
0,p1198,1,73
0,p1199,1,37
0,p1200,1,50
0,p1201,1,25
0,p1202,1,2
0,p1203,1,25
0,p1204,1,68
0,p1205,1,52
0,p1206,1,22
0,p1207,1,37
0,p1208,1,70
0,p1209,1,23
0,p1210,1,20
0,p1211,1,99
0,p1212,1,56
0,p1213,1,14
0,p1214,1,40
0,p1215,1,33
0,p1216,1,63
0,p1217,1,55
0,p1218,1,64
0,p1219,1,45
0,p1220,1,46
0,p1221,1,16
0,p1222,1,8
0,p1223,1,32
0,p1224,1,87
0,p1225,1,21
0,p1226,1,47
0,p1227,1,9
0,p1228,1,37
0,p1229,1,59
0,p1230,1,55
0,p1231,1,48
0,p1232,1,76
0,p1233,1,24
0,p1234,1,20
0,p1235,1,19
0,p1236,1,78
0,p1237,1,68
0,p1238,1,9
0,p1239,1,69
0,p1240,1,41
0,p1241,1,17
0,p1242,1,45
0,p1243,1,29
0,p1244,1,66
0,p1245,1,58
0,p1246,1,15
0,p1247,1,48
0,p1248,1,8
0,p1249,1,34
0,p1250,1,58
0,p1251,1,63
0,p1252,1,68
0,p1253,1,79
0,p1254,1,38
0,p1255,1,75
0,p1256,1,51
0,p1257,1,9
0,p1258,1,67
0,p1259,1,58
0,p1260,1,54
0,p1261,1,45
0,p1262,1,19
0,p1263,1,6
0,p1264,1,26
0,p1265,1,36
0,p1266,1,88
0,p1267,1,70
0,p1268,1,87
0,p1269,1,5
0,p1270,1,51
0,p1271,1,87
0,p1272,1,13
0,p1273,1,39
0,p1274,1,68
0,p1275,1,7
0,p1276,1,33
0,p1277,1,94
0,p1278,1,85
0,p1279,1,80
0,p1280,1,55
0,p1281,1,48
0,p1282,1,78
0,p1283,1,97
0,p1284,1,53
0,p1285,1,55
0,p1286,1,42
0,p1287,1,99
0,p1288,1,17
0,p1289,1,7
0,p1290,1,36
0,p1291,1,46
0,p1292,1,97
0,p1293,1,73
0,p1294,1,11
0,p1295,1,33
0,p1296,1,72
0,p1297,1,61
0,p1298,1,36
0,p1299,1,6
0,p1300,1,56
0,p1301,1,78
0,p1302,1,82
0,p1303,1,95
0,p1304,1,62
0,p1305,1,65
0,p1306,1,33
0,p1307,1,50
0,p1308,1,37
0,p1309,1,38
0,p1310,1,66
0,p1311,1,6
0,p1312,1,37
0,p1313,1,80
0,p1314,1,32
0,p1315,1,44
0,p1316,1,41
0,p1317,1,37
0,p1318,1,21
0,p1319,1,43
0,p1320,1,87
0,p1321,1,31
0,p1322,1,97
0,p1323,1,60
0,p1324,1,79
0,p1325,1,50
0,p1326,1,47
0,p1327,1,4
0,p1328,1,32
0,p1329,1,73
0,p1330,1,2
0,p1331,1,76
0,p1332,1,74
0,p1333,1,84
0,p1334,1,15
0,p1335,1,25
0,p1336,1,72
0,p1337,1,92
0,p1338,1,35
0,p1339,1,39
0,p1340,1,58
0,p1341,1,6
0,p1342,1,95
0,p1343,1,45
0,p1344,1,79
0,p1345,1,31
0,p1346,1,51
0,p1347,1,11
0,p1348,1,59
0,p1349,1,19
0,p1350,1,52
0,p1351,1,36
0,p1352,1,90
0,p1353,1,81
0,p1354,1,63
0,p1355,1,65
0,p1356,1,93
0,p1357,1,78
0,p1358,1,24
0,p1359,1,15
0,p1360,1,8
0,p1361,1,15
0,p1362,1,28
0,p1363,1,52
0,p1364,1,43
0,p1365,1,91
0,p1366,1,53
0,p1367,1,37
0,p1368,1,24
0,p1369,1,79
0,p1370,1,90
0,p1371,1,47
0,p1372,1,95
0,p1373,1,49
0,p1374,1,53
0,p1375,1,94
0,p1376,1,76
0,p1377,1,78
0,p1378,1,81
0,p1379,1,9
0,p1380,1,96
0,p1381,1,40
0,p1382,1,67
0,p1383,1,92
0,p1384,1,34
0,p1385,1,49
0,p1386,1,75
0,p1387,1,38
0,p1388,1,23
0,p1389,1,52
0,p1390,1,47
0,p1391,1,90
0,p1392,1,93
0,p1393,1,81
0,p1394,1,22
0,p1395,1,35
0,p1396,1,77
0,p1397,1,56
0,p1398,1,30
0,p1399,1,13
0,p1400,1,96
0,p1401,1,52
0,p1402,1,83
0,p1403,1,96
0,p1404,1,29
0,p1405,1,48
0,p1406,1,72
0,p1407,1,54
0,p1408,1,7
0,p1409,1,39
0,p1410,1,76
0,p1411,1,54
0,p1412,1,8
0,p1413,1,26
0,p1414,1,96
0,p1415,1,3
0,p1416,1,81
0,p1417,1,35
0,p1418,1,87
0,p1419,1,22
0,p1420,1,20
0,p1421,1,80
0,p1422,1,88
0,p1423,1,56
0,p1424,1,17
0,p1425,1,40
0,p1426,1,56
0,p1427,1,22
0,p1428,1,79
0,p1429,1,6
0,p1430,1,90
0,p1431,1,58
0,p1432,1,57
0,p1433,1,94
0,p1434,1,3
0,p1435,1,22
0,p1436,1,18
0,p1437,1,88
0,p1438,1,99
0,p1439,1,38
0,p1440,1,15
0,p1441,1,6
0,p1442,1,3
0,p1443,1,85
0,p1444,1,47
0,p1445,1,50
0,p1446,1,26
0,p1447,1,26
0,p1448,1,82
0,p1449,1,21
0,p1450,1,95
0,p1451,1,72
0,p1452,1,89
0,p1453,1,14
0,p1454,1,54
0,p1455,1,58
0,p1456,1,52
0,p1457,1,48
0,p1458,1,17
0,p1459,1,28
0,p1460,1,18
0,p1461,1,100
0,p1462,1,63
0,p1463,1,61
0,p1464,1,63
0,p1465,1,82
0,p1466,1,13
0,p1467,1,28
0,p1468,1,6
0,p1469,1,12
0,p1470,1,65
0,p1471,1,82
0,p1472,1,85
0,p1473,1,40
0,p1474,1,34
0,p1475,1,87
0,p1476,1,25
0,p1477,1,25
0,p1478,1,7
0,p1479,1,65
0,p1480,1,68
0,p1481,1,8
0,p1482,1,99
0,p1483,1,73
0,p1484,1,54
0,p1485,1,68
0,p1486,1,52
0,p1487,1,35
0,p1488,1,92
0,p1489,1,54
0,p1490,1,94
0,p1491,1,8
0,p1492,1,10
0,p1493,1,43
0,p1494,1,65
0,p1495,1,82
0,p1496,1,86
0,p1497,1,92
0,p1498,1,60
0,p1499,1,5
0,p1500,1,42
0,p1501,1,65
0,p1502,1,37
0,p1503,1,90
0,p1504,1,42
0,p1505,1,71
0,p1506,1,58
0,p1507,1,48
0,p1508,1,98
0,p1509,1,90
0,p1510,1,96
0,p1511,1,60
0,p1512,1,88
0,p1513,1,29
0,p1514,1,41
0,p1515,1,52
0,p1516,1,61
0,p1517,1,52
0,p1518,1,61
0,p1519,1,90
0,p1520,1,40
0,p1521,1,5
0,p1522,1,54
0,p1523,1,47
0,p1524,1,3
0,p1525,1,96
0,p1526,1,64
0,p1527,1,72
0,p1528,1,96
0,p1529,1,37
0,p1530,1,52
0,p1531,1,55
0,p1532,1,2
0,p1533,1,18
0,p1534,1,2
0,p1535,1,43
0,p1536,1,85
0,p1537,1,55
0,p1538,1,67
0,p1539,1,63
0,p1540,1,69
0,p1541,1,89
0,p1542,1,40
0,p1543,1,18
0,p1544,1,79
0,p1545,1,24
0,p1546,1,77
0,p1547,1,14
0,p1548,1,23
0,p1549,1,25
0,p1550,1,83
0,p1551,1,15
0,p1552,1,37
0,p1553,1,57
0,p1554,1,92
0,p1555,1,70
0,p1556,1,8
0,p1557,1,12
0,p1558,1,36
0,p1559,1,69
0,p1560,1,49
0,p1561,1,79
0,p1562,1,67
0,p1563,1,29
0,p1564,1,96
0,p1565,1,87
0,p1566,1,76
0,p1567,1,26
0,p1568,1,54
0,p1569,1,64
0,p1570,1,47
0,p1571,1,95
0,p1572,1,37
0,p1573,1,4
0,p1574,1,19
0,p1575,1,71
0,p1576,1,81
0,p1577,1,11
0,p1578,1,88
0,p1579,1,64
0,p1580,1,39
0,p1581,1,95
0,p1582,1,10
0,p1583,1,14
0,p1584,1,34
0,p1585,1,96
0,p1586,1,54
0,p1587,1,60
0,p1588,1,36
0,p1589,1,87
0,p1590,1,86
0,p1591,1,13
0,p1592,1,24
0,p1593,1,25
0,p1594,1,90
0,p1595,1,31
0,p1596,1,54
0,p1597,1,96
0,p1598,1,43
0,p1599,1,56
0,p1600,1,93
0,p1601,1,50
0,p1602,1,65
0,p1603,1,22
0,p1604,1,6
0,p1605,1,15
0,p1606,1,35
0,p1607,1,76
0,p1608,1,2
0,p1609,1,61
0,p1610,1,16
0,p1611,1,14
0,p1612,1,53
0,p1613,1,38
0,p1614,1,89
0,p1615,1,36
0,p1616,1,76
0,p1617,1,12
0,p1618,1,80
0,p1619,1,57
0,p1620,1,83
0,p1621,1,69
0,p1622,1,53
0,p1623,1,13
0,p1624,1,78
0,p1625,1,45
0,p1626,1,50
0,p1627,1,85
0,p1628,1,79
0,p1629,1,98
0,p1630,1,99
0,p1631,1,20
0,p1632,1,57
0,p1633,1,38
0,p1634,1,78
0,p1635,1,45
0,p1636,1,70
0,p1637,1,29
0,p1638,1,8
0,p1639,1,73
0,p1640,1,71
0,p1641,1,66
0,p1642,1,21
0,p1643,1,32
0,p1644,1,90
0,p1645,1,69
0,p1646,1,98
0,p1647,1,22
0,p1648,1,31
0,p1649,1,98
0,p1650,1,33
0,p1651,1,14
0,p1652,1,2
0,p1653,1,85
0,p1654,1,38
0,p1655,1,82
0,p1656,1,88
0,p1657,1,19
0,p1658,1,88
0,p1659,1,70
0,p1660,1,70
0,p1661,1,21
0,p1662,1,70
0,p1663,1,73
0,p1664,1,44
0,p1665,1,62
0,p1666,1,64
0,p1667,1,4
0,p1668,1,82
0,p1669,1,54
0,p1670,1,74
0,p1671,1,50
0,p1672,1,48
0,p1673,1,21
0,p1674,1,9
0,p1675,1,43
0,p1676,1,95
0,p1677,1,47
0,p1678,1,52
0,p1679,1,53
0,p1680,1,79
0,p1681,1,58
0,p1682,1,40
0,p1683,1,7
0,p1684,1,30
0,p1685,1,47
0,p1686,1,69
0,p1687,1,15
0,p1688,1,38
0,p1689,1,91
0,p1690,1,91
0,p1691,1,46
0,p1692,1,9
0,p1693,1,69
0,p1694,1,47
0,p1695,1,58
0,p1696,1,72
0,p1697,1,93
0,p1698,1,85
0,p1699,1,51
0,p1700,1,25
0,p1701,1,92
0,p1702,1,5
0,p1703,1,18
0,p1704,1,67
0,p1705,1,50
0,p1706,1,78
0,p1707,1,65
0,p1708,1,63
0,p1709,1,28
0,p1710,1,100
0,p1711,1,78
0,p1712,1,100
0,p1713,1,98
0,p1714,1,63
0,p1715,1,86
0,p1716,1,90
0,p1717,1,56
0,p1718,1,34
0,p1719,1,52
0,p1720,1,17
0,p1721,1,62
0,p1722,1,100
0,p1723,1,17
0,p1724,1,20
0,p1725,1,95
0,p1726,1,92
0,p1727,1,3
0,p1728,1,9
0,p1729,1,68
0,p1730,1,17
0,p1731,1,77
0,p1732,1,36
0,p1733,1,48
0,p1734,1,43
0,p1735,1,73
0,p1736,1,49
0,p1737,1,71
0,p1738,1,21
0,p1739,1,100
0,p1740,1,31
0,p1741,1,47
0,p1742,1,43
0,p1743,1,62
0,p1744,1,100
0,p1745,1,54
0,p1746,1,8
0,p1747,1,81
0,p1748,1,70
0,p1749,1,97
0,p1750,1,52
0,p1751,1,71
0,p1752,1,16
0,p1753,1,100
0,p1754,1,9
0,p1755,1,40
0,p1756,1,42
0,p1757,1,15
0,p1758,1,20
0,p1759,1,18
0,p1760,1,88
0,p1761,1,17
0,p1762,1,72
0,p1763,1,73
0,p1764,1,20
0,p1765,1,48
0,p1766,1,26
0,p1767,1,21
0,p1768,1,90
0,p1769,1,31
0,p1770,1,63
0,p1771,1,54
0,p1772,1,42
0,p1773,1,72
0,p1774,1,37
0,p1775,1,25
0,p1776,1,56
0,p1777,1,58
0,p1778,1,95
0,p1779,1,39
0,p1780,1,26
0,p1781,1,45
0,p1782,1,96
0,p1783,1,31
0,p1784,1,39
0,p1785,1,81
0,p1786,1,45
0,p1787,1,12
0,p1788,1,15
0,p1789,1,89
0,p1790,1,33
0,p1791,1,33
0,p1792,1,66
0,p1793,1,67
0,p1794,1,4
0,p1795,1,81
0,p1796,1,76
0,p1797,1,87
0,p1798,1,36
0,p1799,1,74
0,p1800,1,49
0,p1801,1,3
0,p1802,1,51
0,p1803,1,62
0,p1804,1,38
0,p1805,1,42
0,p1806,1,22
0,p1807,1,98
0,p1808,1,17
0,p1809,1,38
0,p1810,1,59
0,p1811,1,22
0,p1812,1,80
0,p1813,1,64
0,p1814,1,69
0,p1815,1,23
0,p1816,1,38
0,p1817,1,71
0,p1818,1,24
0,p1819,1,38
0,p1820,1,71
0,p1821,1,26
0,p1822,1,47
0,p1823,1,57
0,p1824,1,39
0,p1825,1,92
0,p1826,1,87
0,p1827,1,7
0,p1828,1,26
0,p1829,1,92
0,p1830,1,46
0,p1831,1,19
0,p1832,1,4
0,p1833,1,76
0,p1834,1,54
0,p1835,1,76
0,p1836,1,57
0,p1837,1,54
0,p1838,1,77
0,p1839,1,49
0,p1840,1,70
0,p1841,1,44
0,p1842,1,8
0,p1843,1,77
0,p1844,1,20
0,p1845,1,29
0,p1846,1,32
0,p1847,1,94
0,p1848,1,20
0,p1849,1,94
0,p1850,1,62
0,p1851,1,56
0,p1852,1,7
0,p1853,1,40
0,p1854,1,16
0,p1855,1,2
0,p1856,1,61
0,p1857,1,92
0,p1858,1,54
0,p1859,1,43
0,p1860,1,95
0,p1861,1,47
0,p1862,1,24
0,p1863,1,68
0,p1864,1,4
0,p1865,1,45
0,p1866,1,14
0,p1867,1,98
0,p1868,1,75
0,p1869,1,2
0,p1870,1,23
0,p1871,1,64
0,p1872,1,48
0,p1873,1,11
0,p1874,1,88
0,p1875,1,70
0,p1876,1,40
0,p1877,1,39
0,p1878,1,40
0,p1879,1,46
0,p1880,1,10
0,p1881,1,99
0,p1882,1,54
0,p1883,1,87
0,p1884,1,28
0,p1885,1,84
0,p1886,1,57
0,p1887,1,10
0,p1888,1,33
0,p1889,1,73
0,p1890,1,61
0,p1891,1,6
0,p1892,1,63
0,p1893,1,74
0,p1894,1,85
0,p1895,1,31
0,p1896,1,3
0,p1897,1,64
0,p1898,1,61
0,p1899,1,74
0,p1900,1,97
0,p1901,1,100
0,p1902,1,97
0,p1903,1,80
0,p1904,1,42
0,p1905,1,10
0,p1906,1,65
0,p1907,1,40
0,p1908,1,40
0,p1909,1,94
0,p1910,1,25
0,p1911,1,94
0,p1912,1,54
0,p1913,1,23
0,p1914,1,36
0,p1915,1,16
0,p1916,1,79
0,p1917,1,30
0,p1918,1,63
0,p1919,1,63
0,p1920,1,63
0,p1921,1,45
0,p1922,1,78
0,p1923,1,60
0,p1924,1,30
0,p1925,1,36
0,p1926,1,30
0,p1927,1,43
0,p1928,1,93
0,p1929,1,83
0,p1930,1,42
0,p1931,1,35
0,p1932,1,52
0,p1933,1,3
0,p1934,1,86
0,p1935,1,89
0,p1936,1,6
0,p1937,1,80
0,p1938,1,49
0,p1939,1,90
0,p1940,1,38
0,p1941,1,3
0,p1942,1,16
0,p1943,1,9
0,p1944,1,69
0,p1945,1,96
0,p1946,1,33
0,p1947,1,3
0,p1948,1,56
0,p1949,1,47
0,p1950,1,60
0,p1951,1,29
0,p1952,1,23
0,p1953,1,79
0,p1954,1,19
0,p1955,1,3
0,p1956,1,3
0,p1957,1,23
0,p1958,1,72
0,p1959,1,42
0,p1960,1,3
0,p1961,1,97
0,p1962,1,4
0,p1963,1,16
0,p1964,1,42
0,p1965,1,7
0,p1966,1,100
0,p1967,1,58
0,p1968,1,9
0,p1969,1,22
0,p1970,1,44
0,p1971,1,37
0,p1972,1,47
0,p1973,1,80
0,p1974,1,49
0,p1975,1,70
0,p1976,1,68
0,p1977,1,70
0,p1978,1,45
0,p1979,1,81
0,p1980,1,81
0,p1981,1,27
0,p1982,1,32
0,p1983,1,30
0,p1984,1,48
0,p1985,1,59
0,p1986,1,69
0,p1987,1,78
0,p1988,1,52
0,p1989,1,2
0,p1990,1,49
0,p1991,1,70
0,p1992,1,94
0,p1993,1,62
0,p1994,1,70
0,p1995,1,20
0,p1996,1,11
0,p1997,1,46
0,p1998,1,62
0,p1999,1,35
0,p2000,1,37
0,p2001,1,84
0,p2002,1,36
0,p2003,1,38
0,p2004,1,38
0,p2005,1,20
0,p2006,1,55
0,p2007,1,45
0,p2008,1,58
0,p2009,1,74
0,p2010,1,34
0,p2011,1,80
0,p2012,1,48
0,p2013,1,30
0,p2014,1,60
0,p2015,1,39
0,p2016,1,33
0,p2017,1,53
0,p2018,1,25
0,p2019,1,44
0,p2020,1,90
0,p2021,1,48
0,p2022,1,84
0,p2023,1,31
0,p2024,1,24
0,p2025,1,22
0,p2026,1,66
0,p2027,1,99
0,p2028,1,14
0,p2029,1,11
0,p2030,1,35
0,p2031,1,18
0,p2032,1,18
0,p2033,1,40
0,p2034,1,64
0,p2035,1,45
0,p2036,1,47
0,p2037,1,15
0,p2038,1,63
0,p2039,1,82
0,p2040,1,71
0,p2041,1,73
0,p2042,1,4
0,p2043,1,25
0,p2044,1,15
0,p2045,1,64
0,p2046,1,79
0,p2047,1,58
0,p2048,1,74
0,p2049,1,67
0,p2050,1,35
0,p2051,1,4
0,p2052,1,16
0,p2053,1,46
0,p2054,1,41
0,p2055,1,16
0,p2056,1,11
0,p2057,1,9
0,p2058,1,69
0,p2059,1,53
0,p2060,1,51
0,p2061,1,87
0,p2062,1,84
0,p2063,1,50
0,p2064,1,29
0,p2065,1,44
0,p2066,1,64
0,p2067,1,36
0,p2068,1,89
0,p2069,1,33
0,p2070,1,10
0,p2071,1,72
0,p2072,1,96
0,p2073,1,82
0,p2074,1,54
0,p2075,1,36
0,p2076,1,31
0,p2077,1,53
0,p2078,1,63
0,p2079,1,41
0,p2080,1,25
0,p2081,1,82
0,p2082,1,47
0,p2083,1,21
0,p2084,1,89
0,p2085,1,37
0,p2086,1,79
0,p2087,1,22
0,p2088,1,77
0,p2089,1,65
0,p2090,1,63
0,p2091,1,38
0,p2092,1,27
0,p2093,1,77
0,p2094,1,34
0,p2095,1,4
0,p2096,1,85
0,p2097,1,12
0,p2098,1,9
0,p2099,1,95
0,p2100,1,60
0,p2101,1,30
0,p2102,1,16
0,p2103,1,20
0,p2104,1,3
0,p2105,1,92
0,p2106,1,48
0,p2107,1,50
0,p2108,1,90
0,p2109,1,95
0,p2110,1,91
0,p2111,1,82
0,p2112,1,23
0,p2113,1,80
0,p2114,1,14
0,p2115,1,62
0,p2116,1,90
0,p2117,1,97
0,p2118,1,50
0,p2119,1,90
0,p2120,1,4
0,p2121,1,22
0,p2122,1,87
0,p2123,1,98
0,p2124,1,71
0,p2125,1,98
0,p2126,1,72
0,p2127,1,28
0,p2128,1,35
0,p2129,1,57
0,p2130,1,32
0,p2131,1,99
0,p2132,1,42
0,p2133,1,4
0,p2134,1,58
0,p2135,1,46
0,p2136,1,84
0,p2137,1,20
0,p2138,1,3
0,p2139,1,19
0,p2140,1,57
0,p2141,1,49
0,p2142,1,72
0,p2143,1,17
0,p2144,1,16
0,p2145,1,57
0,p2146,1,29
0,p2147,1,2
0,p2148,1,48
0,p2149,1,17
0,p2150,1,68
0,p2151,1,69
0,p2152,1,26
0,p2153,1,86
0,p2154,1,25
0,p2155,1,52
0,p2156,1,67
0,p2157,1,37
0,p2158,1,18
0,p2159,1,92
0,p2160,1,88
0,p2161,1,25
0,p2162,1,56
0,p2163,1,41
0,p2164,1,39
0,p2165,1,18
0,p2166,1,34
0,p2167,1,100
0,p2168,1,51
0,p2169,1,19
0,p2170,1,27
0,p2171,1,14
0,p2172,1,20
0,p2173,1,65
0,p2174,1,66
0,p2175,1,18
0,p2176,1,49
0,p2177,1,94
0,p2178,1,3
0,p2179,1,85
0,p2180,1,100
0,p2181,1,61
0,p2182,1,17
0,p2183,1,36
0,p2184,1,91
0,p2185,1,23
0,p2186,1,99
0,p2187,1,66
0,p2188,1,58
0,p2189,1,40
0,p2190,1,57
0,p2191,1,20
0,p2192,1,100
0,p2193,1,70
0,p2194,1,6
0,p2195,1,99
0,p2196,1,33
0,p2197,1,61
0,p2198,1,94
0,p2199,1,83
0,p2200,1,2
0,p2201,1,49
0,p2202,1,37
0,p2203,1,54
0,p2204,1,2
0,p2205,1,12
0,p2206,1,70
0,p2207,1,76
0,p2208,1,77
0,p2209,1,71
0,p2210,1,58
0,p2211,1,15
0,p2212,1,89
0,p2213,1,10
0,p2214,1,60
0,p2215,1,13
0,p2216,1,4
0,p2217,1,18
0,p2218,1,43
0,p2219,1,10
0,p2220,1,41
0,p2221,1,41
0,p2222,1,48
0,p2223,1,58
0,p2224,1,99
0,p2225,1,30
0,p2226,1,77
0,p2227,1,92
0,p2228,1,78
0,p2229,1,25
0,p2230,1,21
0,p2231,1,58
0,p2232,1,22
0,p2233,1,88
0,p2234,1,22
0,p2235,1,51
0,p2236,1,95
0,p2237,1,30
0,p2238,1,80
0,p2239,1,20
0,p2240,1,41
0,p2241,1,70
0,p2242,1,14
0,p2243,1,18
0,p2244,1,48
0,p2245,1,72
0,p2246,1,63
0,p2247,1,33
0,p2248,1,14
0,p2249,1,78
0,p2250,1,23
0,p2251,1,38
0,p2252,1,3
0,p2253,1,42
0,p2254,1,37
0,p2255,1,60
0,p2256,1,89
0,p2257,1,10
0,p2258,1,60
0,p2259,1,9
0,p2260,1,35
0,p2261,1,35
0,p2262,1,52
0,p2263,1,95
0,p2264,1,76
0,p2265,1,82
0,p2266,1,10
0,p2267,1,10
0,p2268,1,31
0,p2269,1,79
0,p2270,1,32
0,p2271,1,39
0,p2272,1,86
0,p2273,1,15
0,p2274,1,49
0,p2275,1,10
0,p2276,1,92
0,p2277,1,73
0,p2278,1,98
0,p2279,1,96
0,p2280,1,26
0,p2281,1,68
0,p2282,1,91
0,p2283,1,30
0,p2284,1,13
0,p2285,1,9
0,p2286,1,14
0,p2287,1,85
0,p2288,1,99
0,p2289,1,61
0,p2290,1,7
0,p2291,1,66
0,p2292,1,86
0,p2293,1,10
0,p2294,1,51
0,p2295,1,59
0,p2296,1,42
0,p2297,1,36
0,p2298,1,85
0,p2299,1,79
0,p2300,1,18
0,p2301,1,35
0,p2302,1,6
0,p2303,1,49
0,p2304,1,91
0,p2305,1,80
0,p2306,1,93
0,p2307,1,61
0,p2308,1,31
0,p2309,1,15
0,p2310,1,35
0,p2311,1,13
0,p2312,1,70
0,p2313,1,17
0,p2314,1,84
0,p2315,1,97
0,p2316,1,95
0,p2317,1,28
0,p2318,1,49
0,p2319,1,11
0,p2320,1,78
0,p2321,1,17
0,p2322,1,43
0,p2323,1,60
0,p2324,1,21
0,p2325,1,71
0,p2326,1,2
0,p2327,1,11
0,p2328,1,45
0,p2329,1,100
0,p2330,1,91
0,p2331,1,62
0,p2332,1,67
0,p2333,1,93
0,p2334,1,13
0,p2335,1,63
0,p2336,1,84
0,p2337,1,62
0,p2338,1,91
0,p2339,1,73
0,p2340,1,45
0,p2341,1,37
0,p2342,1,42
0,p2343,1,50
0,p2344,1,71
0,p2345,1,87
0,p2346,1,82
0,p2347,1,4
0,p2348,1,92
0,p2349,1,7
0,p2350,1,36
0,p2351,1,87
0,p2352,1,43
0,p2353,1,37
0,p2354,1,70
0,p2355,1,67
0,p2356,1,87
0,p2357,1,31
0,p2358,1,59
0,p2359,1,95
0,p2360,1,64
0,p2361,1,60
0,p2362,1,48
0,p2363,1,38
0,p2364,1,58
0,p2365,1,95
0,p2366,1,22
0,p2367,1,96
0,p2368,1,19
0,p2369,1,90
0,p2370,1,22
0,p2371,1,28
0,p2372,1,16
0,p2373,1,35
0,p2374,1,25
0,p2375,1,7
0,p2376,1,48
0,p2377,1,76
0,p2378,1,58
0,p2379,1,84
0,p2380,1,89
0,p2381,1,49
0,p2382,1,84
0,p2383,1,32
0,p2384,1,97
0,p2385,1,96
0,p2386,1,60
0,p2387,1,72
0,p2388,1,60
0,p2389,1,62
0,p2390,1,42
0,p2391,1,64
0,p2392,1,73
0,p2393,1,43
0,p2394,1,81
0,p2395,1,6
0,p2396,1,67
0,p2397,1,26
0,p2398,1,24
0,p2399,1,50
0,p2400,1,17
0,p2401,1,91
0,p2402,1,6
0,p2403,1,68
0,p2404,1,43
0,p2405,1,32
0,p2406,1,97
0,p2407,1,97
0,p2408,1,33
0,p2409,1,31
0,p2410,1,29
0,p2411,1,21
0,p2412,1,52
0,p2413,1,81
0,p2414,1,30
0,p2415,1,16
0,p2416,1,4
0,p2417,1,73
0,p2418,1,85
0,p2419,1,53
0,p2420,1,40
0,p2421,1,88
0,p2422,1,41
0,p2423,1,52
0,p2424,1,61
0,p2425,1,11
0,p2426,1,97
0,p2427,1,31
0,p2428,1,93
0,p2429,1,37
0,p2430,1,3
0,p2431,1,4
0,p2432,1,31
0,p2433,1,7
0,p2434,1,23
0,p2435,1,36
0,p2436,1,63
0,p2437,1,94
0,p2438,1,5
0,p2439,1,13
0,p2440,1,28
0,p2441,1,49
0,p2442,1,5
0,p2443,1,75
0,p2444,1,52
0,p2445,1,69
0,p2446,1,88
0,p2447,1,93
0,p2448,1,83
0,p2449,1,23
0,p2450,1,40
0,p2451,1,54
0,p2452,1,32
0,p2453,1,73
0,p2454,1,85
0,p2455,1,75
0,p2456,1,19
0,p2457,1,28
0,p2458,1,56
0,p2459,1,45
0,p2460,1,13
0,p2461,1,9
0,p2462,1,60
0,p2463,1,48
0,p2464,1,42
0,p2465,1,27
0,p2466,1,24
0,p2467,1,27
0,p2468,1,93
0,p2469,1,18
0,p2470,1,52
0,p2471,1,8
0,p2472,1,70
0,p2473,1,70
0,p2474,1,35
0,p2475,1,8
0,p2476,1,54
0,p2477,1,23
0,p2478,1,50
0,p2479,1,95
0,p2480,1,43
0,p2481,1,16
0,p2482,1,99
0,p2483,1,53
0,p2484,1,70
0,p2485,1,55
0,p2486,1,51
0,p2487,1,93
0,p2488,1,94
0,p2489,1,77
0,p2490,1,90
0,p2491,1,13
0,p2492,1,88
0,p2493,1,70
0,p2494,1,83
0,p2495,1,49
0,p2496,1,34
0,p2497,1,82
0,p2498,1,66
0,p2499,1,89
0,p2500,1,26
0,p2501,1,63
0,p2502,1,100
0,p2503,1,24
0,p2504,1,33
0,p2505,1,72
0,p2506,1,53
0,p2507,1,29
0,p2508,1,84
0,p2509,1,68
0,p2510,1,87
0,p2511,1,69
0,p2512,1,97
0,p2513,1,6
0,p2514,1,90
0,p2515,1,60
0,p2516,1,12
0,p2517,1,49
0,p2518,1,26
0,p2519,1,36
0,p2520,1,92
0,p2521,1,77
0,p2522,1,26
0,p2523,1,28
0,p2524,1,37
0,p2525,1,80
0,p2526,1,10
0,p2527,1,81
0,p2528,1,60
0,p2529,1,49
0,p2530,1,89
0,p2531,1,40
0,p2532,1,43
0,p2533,1,56
0,p2534,1,54
0,p2535,1,88
0,p2536,1,52
0,p2537,1,88
0,p2538,1,52
0,p2539,1,23
0,p2540,1,35
0,p2541,1,44
0,p2542,1,34
0,p2543,1,45
0,p2544,1,79
0,p2545,1,51
0,p2546,1,45
0,p2547,1,75
0,p2548,1,96
0,p2549,1,3
0,p2550,1,73
0,p2551,1,29
0,p2552,1,77
0,p2553,1,21
0,p2554,1,36
0,p2555,1,90
0,p2556,1,38
0,p2557,1,59
0,p2558,1,32
0,p2559,1,43
0,p2560,1,89
0,p2561,1,70
0,p2562,1,5
0,p2563,1,18
0,p2564,1,88
0,p2565,1,24
0,p2566,1,44
0,p2567,1,51
0,p2568,1,67
0,p2569,1,92
0,p2570,1,27
0,p2571,1,67
0,p2572,1,13
0,p2573,1,75
0,p2574,1,25
0,p2575,1,12
0,p2576,1,99
0,p2577,1,32
0,p2578,1,13
0,p2579,1,59
0,p2580,1,71
0,p2581,1,97
0,p2582,1,12
0,p2583,1,10
0,p2584,1,70
0,p2585,1,74
0,p2586,1,99
0,p2587,1,15
0,p2588,1,6
0,p2589,1,17
0,p2590,1,60
0,p2591,1,69
0,p2592,1,62
0,p2593,1,61
0,p2594,1,75
0,p2595,1,17
0,p2596,1,52
0,p2597,1,11
0,p2598,1,65
0,p2599,1,36
0,p2600,1,67
0,p2601,1,31
0,p2602,1,59
0,p2603,1,20
0,p2604,1,60
0,p2605,1,81
0,p2606,1,54
0,p2607,1,79
0,p2608,1,73
0,p2609,1,85
0,p2610,1,28
0,p2611,1,14
0,p2612,1,75
0,p2613,1,39
0,p2614,1,66
0,p2615,1,36
0,p2616,1,51
0,p2617,1,21
0,p2618,1,38
0,p2619,1,29
0,p2620,1,6
0,p2621,1,23
0,p2622,1,17
0,p2623,1,83
0,p2624,1,72
0,p2625,1,66
0,p2626,1,76
0,p2627,1,89
0,p2628,1,19
0,p2629,1,67
0,p2630,1,18
0,p2631,1,95
0,p2632,1,64
0,p2633,1,93
0,p2634,1,83
0,p2635,1,10
0,p2636,1,29
0,p2637,1,34
0,p2638,1,55
0,p2639,1,58
0,p2640,1,27
0,p2641,1,71
0,p2642,1,9
0,p2643,1,77
0,p2644,1,39
0,p2645,1,26
0,p2646,1,2
0,p2647,1,6
0,p2648,1,19
0,p2649,1,28
0,p2650,1,46
0,p2651,1,65
0,p2652,1,51
0,p2653,1,61
0,p2654,1,49
0,p2655,1,22
0,p2656,1,85
0,p2657,1,75
0,p2658,1,84
0,p2659,1,98
0,p2660,1,55
0,p2661,1,40
0,p2662,1,61
0,p2663,1,82
0,p2664,1,45
0,p2665,1,67
0,p2666,1,17
0,p2667,1,87
0,p2668,1,85
0,p2669,1,7
0,p2670,1,84
0,p2671,1,43
0,p2672,1,39
0,p2673,1,12
0,p2674,1,51
0,p2675,1,56
0,p2676,1,60
0,p2677,1,26
0,p2678,1,10
0,p2679,1,4
0,p2680,1,98
0,p2681,1,79
0,p2682,1,93
0,p2683,1,19
0,p2684,1,71
0,p2685,1,98
0,p2686,1,28
0,p2687,1,100
0,p2688,1,46
0,p2689,1,40
0,p2690,1,78
0,p2691,1,75
0,p2692,1,85
0,p2693,1,52
0,p2694,1,13
0,p2695,1,92
0,p2696,1,71
0,p2697,1,50
0,p2698,1,14
0,p2699,1,59
0,p2700,1,96
0,p2701,1,47
0,p2702,1,87
0,p2703,1,44
0,p2704,1,21
0,p2705,1,32
0,p2706,1,35
0,p2707,1,97
0,p2708,1,26
0,p2709,1,20
0,p2710,1,61
0,p2711,1,66
0,p2712,1,89
0,p2713,1,12
0,p2714,1,62
0,p2715,1,16
0,p2716,1,52
0,p2717,1,28
0,p2718,1,16
0,p2719,1,66
0,p2720,1,16
0,p2721,1,51
0,p2722,1,78
0,p2723,1,68
0,p2724,1,85
0,p2725,1,2
0,p2726,1,93
0,p2727,1,96
0,p2728,1,54
0,p2729,1,70
0,p2730,1,62
0,p2731,1,84
0,p2732,1,26
0,p2733,1,94
0,p2734,1,15
0,p2735,1,97
0,p2736,1,67
0,p2737,1,22
0,p2738,1,84
0,p2739,1,75
0,p2740,1,10
0,p2741,1,63
0,p2742,1,34
0,p2743,1,11
0,p2744,1,16
0,p2745,1,47
0,p2746,1,24
0,p2747,1,39
0,p2748,1,21
0,p2749,1,47
0,p2750,1,48
0,p2751,1,8
0,p2752,1,18
0,p2753,1,16
0,p2754,1,75
0,p2755,1,79
0,p2756,1,5
0,p2757,1,34
0,p2758,1,91
0,p2759,1,17
0,p2760,1,83
0,p2761,1,92
0,p2762,1,24
0,p2763,1,59
0,p2764,1,35
0,p2765,1,8
0,p2766,1,63
0,p2767,1,64
0,p2768,1,35
0,p2769,1,3
0,p2770,1,44
0,p2771,1,45
0,p2772,1,36
0,p2773,1,10
0,p2774,1,4
0,p2775,1,47
0,p2776,1,80
0,p2777,1,76
0,p2778,1,8
0,p2779,1,62
0,p2780,1,42
0,p2781,1,73
0,p2782,1,41
0,p2783,1,67
0,p2784,1,3
0,p2785,1,99
0,p2786,1,13
0,p2787,1,22
0,p2788,1,25
0,p2789,1,41
0,p2790,1,51
0,p2791,1,20
0,p2792,1,56
0,p2793,1,22
0,p2794,1,23
0,p2795,1,42
0,p2796,1,4
0,p2797,1,9
0,p2798,1,39
0,p2799,1,74
0,p2800,1,38
0,p2801,1,100
0,p2802,1,34
0,p2803,1,45
0,p2804,1,36
0,p2805,1,2
0,p2806,1,96
0,p2807,1,80
0,p2808,1,4
0,p2809,1,71
0,p2810,1,81
0,p2811,1,9
0,p2812,1,45
0,p2813,1,48
0,p2814,1,5
0,p2815,1,85
0,p2816,1,11
0,p2817,1,98
0,p2818,1,34
0,p2819,1,66
0,p2820,1,98
0,p2821,1,81
0,p2822,1,35
0,p2823,1,33
0,p2824,1,52
0,p2825,1,70
0,p2826,1,75
0,p2827,1,37
0,p2828,1,30
0,p2829,1,61
0,p2830,1,95
0,p2831,1,60
0,p2832,1,14
0,p2833,1,52
0,p2834,1,17
0,p2835,1,8
0,p2836,1,39
0,p2837,1,86
0,p2838,1,52
0,p2839,1,70
0,p2840,1,44
0,p2841,1,64
0,p2842,1,34
0,p2843,1,74
0,p2844,1,89
0,p2845,1,65
0,p2846,1,40
0,p2847,1,62
0,p2848,1,6
0,p2849,1,3
0,p2850,1,96
0,p2851,1,42
0,p2852,1,84
0,p2853,1,64
0,p2854,1,41
0,p2855,1,74
0,p2856,1,68
0,p2857,1,8
0,p2858,1,32
0,p2859,1,19
0,p2860,1,78
0,p2861,1,97
0,p2862,1,67
0,p2863,1,98
0,p2864,1,58
0,p2865,1,14
0,p2866,1,81
0,p2867,1,69
0,p2868,1,20
0,p2869,1,17
0,p2870,1,3
0,p2871,1,68
0,p2872,1,68
0,p2873,1,98
0,p2874,1,72
0,p2875,1,95
0,p2876,1,18
0,p2877,1,90
0,p2878,1,51
0,p2879,1,77
0,p2880,1,62
0,p2881,1,20
0,p2882,1,69
0,p2883,1,53
0,p2884,1,9
0,p2885,1,42
0,p2886,1,53
0,p2887,1,39
0,p2888,1,2
0,p2889,1,73
0,p2890,1,84
0,p2891,1,39
0,p2892,1,5
0,p2893,1,69
0,p2894,1,18
0,p2895,1,90
0,p2896,1,3
0,p2897,1,3
0,p2898,1,56
0,p2899,1,68
0,p2900,1,5
0,p2901,1,97
0,p2902,1,84
0,p2903,1,85
0,p2904,1,35
0,p2905,1,97
0,p2906,1,84
0,p2907,1,85
0,p2908,1,68
0,p2909,1,38
0,p2910,1,69
0,p2911,1,97
0,p2912,1,84
0,p2913,1,92
0,p2914,1,15
0,p2915,1,72
0,p2916,1,52
0,p2917,1,39
0,p2918,1,34
0,p2919,1,49
0,p2920,1,47
0,p2921,1,87
0,p2922,1,15
0,p2923,1,2
0,p2924,1,28
0,p2925,1,43
0,p2926,1,19
0,p2927,1,10
0,p2928,1,38
0,p2929,1,46
0,p2930,1,3
0,p2931,1,74
0,p2932,1,45
0,p2933,1,78
0,p2934,1,20
0,p2935,1,46
0,p2936,1,99
0,p2937,1,35
0,p2938,1,26
0,p2939,1,68
0,p2940,1,77
0,p2941,1,49
0,p2942,1,39
0,p2943,1,84
0,p2944,1,76
0,p2945,1,14
0,p2946,1,98
0,p2947,1,75
0,p2948,1,50
0,p2949,1,97
0,p2950,1,98
0,p2951,1,65
0,p2952,1,79
0,p2953,1,63
0,p2954,1,29
0,p2955,1,63
0,p2956,1,49
0,p2957,1,100
0,p2958,1,78
0,p2959,1,75
0,p2960,1,60
0,p2961,1,66
0,p2962,1,36
0,p2963,1,27
0,p2964,1,74
0,p2965,1,26
0,p2966,1,51
0,p2967,1,55
0,p2968,1,5
0,p2969,1,48
0,p2970,1,70
0,p2971,1,93
0,p2972,1,91
0,p2973,1,39
0,p2974,1,8
0,p2975,1,64
0,p2976,1,81
0,p2977,1,69
0,p2978,1,30
0,p2979,1,45
0,p2980,1,4
0,p2981,1,81
0,p2982,1,55
0,p2983,1,81
0,p2984,1,15
0,p2985,1,89
0,p2986,1,82
0,p2987,1,50
0,p2988,1,31
0,p2989,1,79
0,p2990,1,6
0,p2991,1,34
0,p2992,1,26
0,p2993,1,99
0,p2994,1,2
0,p2995,1,95
0,p2996,1,30
0,p2997,1,3
0,p2998,1,73
0,p2999,1,64
0,p3000,1,4
0,p3001,1,72
0,p3002,1,51
0,p3003,1,22
0,p3004,1,45
0,p3005,1,32
0,p3006,1,95
0,p3007,1,62
0,p3008,1,83
0,p3009,1,33
0,p3010,1,12
0,p3011,1,61
0,p3012,1,4
0,p3013,1,43
0,p3014,1,56
0,p3015,1,64
0,p3016,1,99
0,p3017,1,27
0,p3018,1,91
0,p3019,1,49
0,p3020,1,43
0,p3021,1,39
0,p3022,1,40
0,p3023,1,65
0,p3024,1,2
0,p3025,1,89
0,p3026,1,62
0,p3027,1,77
0,p3028,1,20
0,p3029,1,85
0,p3030,1,72
0,p3031,1,69
0,p3032,1,48
0,p3033,1,84
0,p3034,1,64
0,p3035,1,62
0,p3036,1,62
0,p3037,1,58
0,p3038,1,92
0,p3039,1,6
0,p3040,1,11
0,p3041,1,45
0,p3042,1,15
0,p3043,1,74
0,p3044,1,56
0,p3045,1,37
0,p3046,1,78
0,p3047,1,41
0,p3048,1,32
0,p3049,1,67
0,p3050,1,92
0,p3051,1,8
0,p3052,1,27
0,p3053,1,30
0,p3054,1,45
0,p3055,1,12
0,p3056,1,66
0,p3057,1,82
0,p3058,1,72
0,p3059,1,79
0,p3060,1,25
0,p3061,1,34
0,p3062,1,92
0,p3063,1,7
0,p3064,1,58
0,p3065,1,31
0,p3066,1,95
0,p3067,1,38
0,p3068,1,41
0,p3069,1,66
0,p3070,1,73
0,p3071,1,36
0,p3072,1,99
0,p3073,1,39
0,p3074,1,29
0,p3075,1,97
0,p3076,1,72
0,p3077,1,77
0,p3078,1,35
0,p3079,1,26
0,p3080,1,8
0,p3081,1,81
0,p3082,1,4
0,p3083,1,56
0,p3084,1,83
0,p3085,1,30
0,p3086,1,100
0,p3087,1,71
0,p3088,1,5
0,p3089,1,87
0,p3090,1,7
0,p3091,1,38
0,p3092,1,45
0,p3093,1,99
0,p3094,1,68
0,p3095,1,92
0,p3096,1,47
0,p3097,1,99
0,p3098,1,93
0,p3099,1,36
0,p3100,1,30
0,p3101,1,31
0,p3102,1,89
0,p3103,1,85
0,p3104,1,65
0,p3105,1,39
0,p3106,1,27
0,p3107,1,32
0,p3108,1,77
0,p3109,1,90
0,p3110,1,7
0,p3111,1,91
0,p3112,1,41
0,p3113,1,21
0,p3114,1,63
0,p3115,1,61
0,p3116,1,10
0,p3117,1,63
0,p3118,1,27
0,p3119,1,19
0,p3120,1,26
0,p3121,1,70
0,p3122,1,22
0,p3123,1,84
0,p3124,1,76
0,p3125,1,28
0,p3126,1,40
0,p3127,1,49
0,p3128,1,28
0,p3129,1,8
0,p3130,1,84
0,p3131,1,99
0,p3132,1,39
0,p3133,1,94
0,p3134,1,22
0,p3135,1,9
0,p3136,1,76
0,p3137,1,94
0,p3138,1,97
0,p3139,1,55
0,p3140,1,70
0,p3141,1,21
0,p3142,1,90
0,p3143,1,33
0,p3144,1,83
0,p3145,1,57
0,p3146,1,97
0,p3147,1,45
0,p3148,1,24
0,p3149,1,4
0,p3150,1,76
0,p3151,1,41
0,p3152,1,45
0,p3153,1,35
0,p3154,1,91
0,p3155,1,37
0,p3156,1,19
0,p3157,1,21
0,p3158,1,3
0,p3159,1,4
0,p3160,1,7
0,p3161,1,85
0,p3162,1,24
0,p3163,1,80
0,p3164,1,69
0,p3165,1,22
0,p3166,1,98
0,p3167,1,72
0,p3168,1,99
0,p3169,1,92
0,p3170,1,72
0,p3171,1,51
0,p3172,1,4
0,p3173,1,82
0,p3174,1,94
0,p3175,1,10
0,p3176,1,96
0,p3177,1,73
0,p3178,1,55
0,p3179,1,81
0,p3180,1,58
0,p3181,1,66
0,p3182,1,78
0,p3183,1,14
0,p3184,1,73
0,p3185,1,22
0,p3186,1,32
0,p3187,1,97
0,p3188,1,56
0,p3189,1,51
0,p3190,1,24
0,p3191,1,90
0,p3192,1,88
0,p3193,1,77
0,p3194,1,49
0,p3195,1,40
0,p3196,1,71
0,p3197,1,50
0,p3198,1,96
0,p3199,1,53
0,p3200,1,55
0,p3201,1,84
0,p3202,1,41
0,p3203,1,73
0,p3204,1,86
0,p3205,1,58
0,p3206,1,6
0,p3207,1,93
0,p3208,1,97
0,p3209,1,37
0,p3210,1,79
0,p3211,1,28
0,p3212,1,14
0,p3213,1,8
0,p3214,1,71
0,p3215,1,13
0,p3216,1,31
0,p3217,1,25
0,p3218,1,25
0,p3219,1,88
0,p3220,1,23
0,p3221,1,37
0,p3222,1,80
0,p3223,1,24
0,p3224,1,63
0,p3225,1,91
0,p3226,1,49
0,p3227,1,69
0,p3228,1,59
0,p3229,1,2
0,p3230,1,72
0,p3231,1,32
0,p3232,1,22
0,p3233,1,61
0,p3234,1,42
0,p3235,1,78
0,p3236,1,56
0,p3237,1,10
0,p3238,1,53
0,p3239,1,8
0,p3240,1,76
0,p3241,1,11
0,p3242,1,48
0,p3243,1,88
0,p3244,1,12
0,p3245,1,25
0,p3246,1,53
0,p3247,1,40
0,p3248,1,31
0,p3249,1,42
0,p3250,1,91
0,p3251,1,54
0,p3252,1,60
0,p3253,1,14
0,p3254,1,10
0,p3255,1,31
0,p3256,1,43
0,p3257,1,2
0,p3258,1,34
0,p3259,1,49
0,p3260,1,94
0,p3261,1,17
0,p3262,1,30
0,p3263,1,81
0,p3264,1,28
0,p3265,1,86
0,p3266,1,59
0,p3267,1,3
0,p3268,1,65
0,p3269,1,66
0,p3270,1,38
0,p3271,1,59
0,p3272,1,54
0,p3273,1,59
0,p3274,1,96
0,p3275,1,21
0,p3276,1,87
0,p3277,1,87
0,p3278,1,42
0,p3279,1,86
0,p3280,1,2
0,p3281,1,34
0,p3282,1,20
0,p3283,1,32
0,p3284,1,36
0,p3285,1,3
0,p3286,1,76
0,p3287,1,94
0,p3288,1,12
0,p3289,1,3
0,p3290,1,42
0,p3291,1,16
0,p3292,1,41
0,p3293,1,80
0,p3294,1,44
0,p3295,1,70
0,p3296,1,97
0,p3297,1,73
0,p3298,1,36
0,p3299,1,38
0,p3300,1,9
0,p3301,1,95
0,p3302,1,75
0,p3303,1,89
0,p3304,1,26
0,p3305,1,34
0,p3306,1,27
0,p3307,1,45
0,p3308,1,49
0,p3309,1,6
0,p3310,1,28
0,p3311,1,9
0,p3312,1,4
0,p3313,1,28
0,p3314,1,36
0,p3315,1,30
0,p3316,1,8
0,p3317,1,79
0,p3318,1,43
0,p3319,1,55
0,p3320,1,48
0,p3321,1,27
0,p3322,1,19
0,p3323,1,45
0,p3324,1,19
0,p3325,1,17
0,p3326,1,89
0,p3327,1,35
0,p3328,1,79
0,p3329,1,30
0,p3330,1,95
0,p3331,1,51
0,p3332,1,68
0,p3333,1,82
0,p3334,1,20
0,p3335,1,50
0,p3336,1,37
0,p3337,1,54
0,p3338,1,41
0,p3339,1,56
0,p3340,1,45
0,p3341,1,12
0,p3342,1,88
0,p3343,1,52
0,p3344,1,71
0,p3345,1,34
0,p3346,1,65
0,p3347,1,63
0,p3348,1,42
0,p3349,1,17
0,p3350,1,22
0,p3351,1,74
0,p3352,1,19
0,p3353,1,46
0,p3354,1,53
0,p3355,1,16
0,p3356,1,67
0,p3357,1,58
0,p3358,1,62
0,p3359,1,69
0,p3360,1,35
0,p3361,1,43
0,p3362,1,50
0,p3363,1,96
0,p3364,1,79
0,p3365,1,75
0,p3366,1,62
0,p3367,1,33
0,p3368,1,9
0,p3369,1,26
0,p3370,1,40
0,p3371,1,64
0,p3372,1,93
0,p3373,1,75
0,p3374,1,53
0,p3375,1,75
0,p3376,1,74
0,p3377,1,44
0,p3378,1,74
0,p3379,1,42
0,p3380,1,27
0,p3381,1,31
0,p3382,1,34
0,p3383,1,72
0,p3384,1,80
0,p3385,1,92
0,p3386,1,67
0,p3387,1,58
0,p3388,1,34
0,p3389,1,95
0,p3390,1,22
0,p3391,1,14
0,p3392,1,62
0,p3393,1,62
0,p3394,1,25
0,p3395,1,98
0,p3396,1,51
0,p3397,1,74
0,p3398,1,23
0,p3399,1,39
0,p3400,1,69
0,p3401,1,79
0,p3402,1,92
0,p3403,1,8
0,p3404,1,95
0,p3405,1,33
0,p3406,1,6
0,p3407,1,93
0,p3408,1,76
0,p3409,1,95
0,p3410,1,33
0,p3411,1,35
0,p3412,1,22
0,p3413,1,9
0,p3414,1,87
0,p3415,1,49
0,p3416,1,23
0,p3417,1,40
0,p3418,1,57
0,p3419,1,75
0,p3420,1,99
0,p3421,1,77
0,p3422,1,100
0,p3423,1,49
0,p3424,1,67
0,p3425,1,97
0,p3426,1,48
0,p3427,1,82
0,p3428,1,37
0,p3429,1,88
0,p3430,1,65
0,p3431,1,8
0,p3432,1,99
0,p3433,1,60
0,p3434,1,18
0,p3435,1,82
0,p3436,1,52
0,p3437,1,3
0,p3438,1,8
0,p3439,1,55
0,p3440,1,94
0,p3441,1,17
0,p3442,1,8
0,p3443,1,41
0,p3444,1,27
0,p3445,1,36
0,p3446,1,76
0,p3447,1,95
0,p3448,1,7
0,p3449,1,43
0,p3450,1,65
0,p3451,1,48
0,p3452,1,62
0,p3453,1,27
0,p3454,1,72
0,p3455,1,91
0,p3456,1,62
0,p3457,1,57
0,p3458,1,54
0,p3459,1,15
0,p3460,1,36
0,p3461,1,83
0,p3462,1,10
0,p3463,1,21
0,p3464,1,93
0,p3465,1,83
0,p3466,1,23
0,p3467,1,45
0,p3468,1,19
0,p3469,1,57
0,p3470,1,29
0,p3471,1,82
0,p3472,1,55
0,p3473,1,72
0,p3474,1,64
0,p3475,1,92
0,p3476,1,43
0,p3477,1,5
0,p3478,1,33
0,p3479,1,97
0,p3480,1,9
0,p3481,1,9
0,p3482,1,62
0,p3483,1,98
0,p3484,1,74
0,p3485,1,71
0,p3486,1,24
0,p3487,1,83
0,p3488,1,44
0,p3489,1,36
0,p3490,1,44
0,p3491,1,22
0,p3492,1,44
0,p3493,1,92
0,p3494,1,2
0,p3495,1,46
0,p3496,1,5
0,p3497,1,11
0,p3498,1,80
0,p3499,1,40
0,p3500,1,29
0,p3501,1,75
0,p3502,1,78
0,p3503,1,4
0,p3504,1,89
0,p3505,1,51
0,p3506,1,12
0,p3507,1,52
0,p3508,1,69
0,p3509,1,98
0,p3510,1,31
0,p3511,1,82
0,p3512,1,63
0,p3513,1,63
0,p3514,1,4
0,p3515,1,26
0,p3516,1,25
0,p3517,1,65
0,p3518,1,3
0,p3519,1,42
0,p3520,1,40
0,p3521,1,29
0,p3522,1,59
0,p3523,1,75
0,p3524,1,39
0,p3525,1,49
0,p3526,1,23
0,p3527,1,63
0,p3528,1,63
0,p3529,1,28
0,p3530,1,4
0,p3531,1,81
0,p3532,1,26
0,p3533,1,12
0,p3534,1,90
0,p3535,1,35
0,p3536,1,74
0,p3537,1,84
0,p3538,1,71
0,p3539,1,55
0,p3540,1,44
0,p3541,1,72
0,p3542,1,48
0,p3543,1,91
0,p3544,1,90
0,p3545,1,43
0,p3546,1,50
0,p3547,1,45
0,p3548,1,51
0,p3549,1,18
0,p3550,1,99
0,p3551,1,23
0,p3552,1,89
0,p3553,1,86
0,p3554,1,92
0,p3555,1,91
0,p3556,1,40
0,p3557,1,5
0,p3558,1,74
0,p3559,1,79
0,p3560,1,19
0,p3561,1,70
0,p3562,1,91
0,p3563,1,20
0,p3564,1,58
0,p3565,1,90
0,p3566,1,87
0,p3567,1,15
0,p3568,1,42
0,p3569,1,50
0,p3570,1,94
0,p3571,1,71
0,p3572,1,40
0,p3573,1,25
0,p3574,1,52
0,p3575,1,6
0,p3576,1,88
0,p3577,1,23
0,p3578,1,97
0,p3579,1,73
0,p3580,1,73
0,p3581,1,64
0,p3582,1,21
0,p3583,1,97
0,p3584,1,95
0,p3585,1,2
0,p3586,1,26
0,p3587,1,100
0,p3588,1,94
0,p3589,1,65
0,p3590,1,56
0,p3591,1,16
0,p3592,1,75
0,p3593,1,89
0,p3594,1,59
0,p3595,1,36
0,p3596,1,92
0,p3597,1,68
0,p3598,1,40
0,p3599,1,47
0,p3600,1,71
0,p3601,1,59
0,p3602,1,83
0,p3603,1,87
0,p3604,1,92
0,p3605,1,27
0,p3606,1,14
0,p3607,1,74
0,p3608,1,28
0,p3609,1,41
0,p3610,1,38
0,p3611,1,31
0,p3612,1,62
0,p3613,1,21
0,p3614,1,43
0,p3615,1,67
0,p3616,1,24
0,p3617,1,76
0,p3618,1,98
0,p3619,1,85
0,p3620,1,36
0,p3621,1,26
0,p3622,1,37
0,p3623,1,59
0,p3624,1,48
0,p3625,1,62
0,p3626,1,4
0,p3627,1,4
0,p3628,1,30
0,p3629,1,89
0,p3630,1,99
0,p3631,1,58
0,p3632,1,84
0,p3633,1,39
0,p3634,1,61
0,p3635,1,65
0,p3636,1,73
0,p3637,1,18
0,p3638,1,2
0,p3639,1,86
0,p3640,1,39
0,p3641,1,50
0,p3642,1,85
0,p3643,1,83
0,p3644,1,23
0,p3645,1,90
0,p3646,1,78
0,p3647,1,66
0,p3648,1,55
0,p3649,1,33
0,p3650,1,30
0,p3651,1,41
0,p3652,1,97
0,p3653,1,33
0,p3654,1,81
0,p3655,1,76
0,p3656,1,61
0,p3657,1,68
0,p3658,1,12
0,p3659,1,28
0,p3660,1,35
0,p3661,1,46
0,p3662,1,20
0,p3663,1,11
0,p3664,1,95
0,p3665,1,14
0,p3666,1,8
0,p3667,1,24
0,p3668,1,34
0,p3669,1,48
0,p3670,1,89
0,p3671,1,39
0,p3672,1,61
0,p3673,1,17
0,p3674,1,98
0,p3675,1,73
0,p3676,1,87
0,p3677,1,34
0,p3678,1,2
0,p3679,1,95
0,p3680,1,12
0,p3681,1,53
0,p3682,1,56
0,p3683,1,53
0,p3684,1,45
0,p3685,1,58
0,p3686,1,69
0,p3687,1,25
0,p3688,1,47
0,p3689,1,22
0,p3690,1,83
0,p3691,1,32
0,p3692,1,43
0,p3693,1,77
0,p3694,1,2
0,p3695,1,48
0,p3696,1,38
0,p3697,1,3
0,p3698,1,81
0,p3699,1,87
0,p3700,1,100
0,p3701,1,24
0,p3702,1,57
0,p3703,1,81
0,p3704,1,41
0,p3705,1,6
0,p3706,1,23
0,p3707,1,19
0,p3708,1,78
0,p3709,1,19
0,p3710,1,56
0,p3711,1,17
0,p3712,1,93
0,p3713,1,17
0,p3714,1,28
0,p3715,1,11
0,p3716,1,33
0,p3717,1,87
0,p3718,1,24
0,p3719,1,13
0,p3720,1,17
0,p3721,1,16
0,p3722,1,79
0,p3723,1,58
0,p3724,1,78
0,p3725,1,89
0,p3726,1,22
0,p3727,1,10
0,p3728,1,32
0,p3729,1,90
0,p3730,1,20
0,p3731,1,93
0,p3732,1,21
0,p3733,1,72
0,p3734,1,80
0,p3735,1,3
0,p3736,1,19
0,p3737,1,76
0,p3738,1,70
0,p3739,1,8
0,p3740,1,30
0,p3741,1,58
0,p3742,1,3
0,p3743,1,8
0,p3744,1,13
0,p3745,1,68
0,p3746,1,10
0,p3747,1,64
0,p3748,1,33
0,p3749,1,82
0,p3750,1,38
0,p3751,1,36
0,p3752,1,21
0,p3753,1,55
0,p3754,1,96
0,p3755,1,37
0,p3756,1,59
0,p3757,1,69
0,p3758,1,98
0,p3759,1,81
0,p3760,1,95
0,p3761,1,76
0,p3762,1,61
0,p3763,1,26
0,p3764,1,70
0,p3765,1,93
0,p3766,1,99
0,p3767,1,39
0,p3768,1,14
0,p3769,1,28
0,p3770,1,70
0,p3771,1,71
0,p3772,1,63
0,p3773,1,41
0,p3774,1,49
0,p3775,1,75
0,p3776,1,82
0,p3777,1,50
0,p3778,1,59
0,p3779,1,56
0,p3780,1,91
0,p3781,1,28
0,p3782,1,79
0,p3783,1,48
0,p3784,1,43
0,p3785,1,22
0,p3786,1,63
0,p3787,1,70
0,p3788,1,68
0,p3789,1,60
0,p3790,1,5
0,p3791,1,28
0,p3792,1,16
0,p3793,1,76
0,p3794,1,61
0,p3795,1,48
0,p3796,1,99
0,p3797,1,68
0,p3798,1,83
0,p3799,1,53
0,p3800,1,80
0,p3801,1,64
0,p3802,1,58
0,p3803,1,59
0,p3804,1,97
0,p3805,1,77
0,p3806,1,60
0,p3807,1,36
0,p3808,1,3
0,p3809,1,9
0,p3810,1,4
0,p3811,1,45
0,p3812,1,78
0,p3813,1,50
0,p3814,1,49
0,p3815,1,94
0,p3816,1,59
0,p3817,1,19
0,p3818,1,50
0,p3819,1,93
0,p3820,1,29
0,p3821,1,10
0,p3822,1,41
0,p3823,1,83
0,p3824,1,80
0,p3825,1,78
0,p3826,1,33
0,p3827,1,44
0,p3828,1,3
0,p3829,1,71
0,p3830,1,9
0,p3831,1,22
0,p3832,1,68
0,p3833,1,93
0,p3834,1,97
0,p3835,1,97
0,p3836,1,3
0,p3837,1,5
0,p3838,1,47
0,p3839,1,5
0,p3840,1,93
0,p3841,1,84
0,p3842,1,93
0,p3843,1,50
0,p3844,1,91
0,p3845,1,82
0,p3846,1,45
0,p3847,1,23
0,p3848,1,9
0,p3849,1,88
0,p3850,1,61
0,p3851,1,79
0,p3852,1,7
0,p3853,1,31
0,p3854,1,59
0,p3855,1,16
0,p3856,1,26
0,p3857,1,79
0,p3858,1,11
0,p3859,1,98
0,p3860,1,61
0,p3861,1,14
0,p3862,1,42
0,p3863,1,41
0,p3864,1,41
0,p3865,1,83
0,p3866,1,56
0,p3867,1,33
0,p3868,1,34
0,p3869,1,59
0,p3870,1,24
0,p3871,1,30
0,p3872,1,69
0,p3873,1,68
0,p3874,1,32
0,p3875,1,26
0,p3876,1,55
0,p3877,1,44
0,p3878,1,22
0,p3879,1,94
0,p3880,1,6
0,p3881,1,73
0,p3882,1,28
0,p3883,1,4
0,p3884,1,38
0,p3885,1,60
0,p3886,1,47
0,p3887,1,74
0,p3888,1,76
0,p3889,1,54
0,p3890,1,89
0,p3891,1,22
0,p3892,1,50
0,p3893,1,15
0,p3894,1,18
0,p3895,1,34
0,p3896,1,66
0,p3897,1,45
0,p3898,1,50
0,p3899,1,5
0,p3900,1,31
0,p3901,1,36
0,p3902,1,47
0,p3903,1,8
0,p3904,1,44
0,p3905,1,50
0,p3906,1,88
0,p3907,1,50
0,p3908,1,96
0,p3909,1,31
0,p3910,1,37
0,p3911,1,64
0,p3912,1,80
0,p3913,1,68
0,p3914,1,34
0,p3915,1,69
0,p3916,1,86
0,p3917,1,40
0,p3918,1,14
0,p3919,1,92
0,p3920,1,51
0,p3921,1,3
0,p3922,1,23
0,p3923,1,63
0,p3924,1,67
0,p3925,1,72
0,p3926,1,21
0,p3927,1,80
0,p3928,1,19
0,p3929,1,16
0,p3930,1,14
0,p3931,1,49
0,p3932,1,94
0,p3933,1,38
0,p3934,1,2
0,p3935,1,43
0,p3936,1,10
0,p3937,1,35
0,p3938,1,54
0,p3939,1,63
0,p3940,1,4
0,p3941,1,38
0,p3942,1,8
0,p3943,1,39
0,p3944,1,54
0,p3945,1,39
0,p3946,1,91
0,p3947,1,93
0,p3948,1,26
0,p3949,1,28
0,p3950,1,44
0,p3951,1,83
0,p3952,1,30
0,p3953,1,93
0,p3954,1,86
0,p3955,1,89
0,p3956,1,59
0,p3957,1,25
0,p3958,1,14
0,p3959,1,81
0,p3960,1,45
0,p3961,1,52
0,p3962,1,55
0,p3963,1,63
0,p3964,1,79
0,p3965,1,64
0,p3966,1,77
0,p3967,1,63
0,p3968,1,72
0,p3969,1,31
0,p3970,1,99
0,p3971,1,33
0,p3972,1,97
0,p3973,1,91
0,p3974,1,7
0,p3975,1,57
0,p3976,1,40
0,p3977,1,2
0,p3978,1,54
0,p3979,1,16
0,p3980,1,84
0,p3981,1,53
0,p3982,1,28
0,p3983,1,14
0,p3984,1,69
0,p3985,1,6
0,p3986,1,64
0,p3987,1,45
0,p3988,1,51
0,p3989,1,55
0,p3990,1,32
0,p3991,1,28
0,p3992,1,71
0,p3993,1,78
0,p3994,1,9
0,p3995,1,19
0,p3996,1,82
0,p3997,1,54
0,p3998,1,89
0,p3999,1,50
0,p4000,1,63
0,p4001,1,19
0,p4002,1,7
0,p4003,1,33
0,p4004,1,25
0,p4005,1,57
0,p4006,1,41
0,p4007,1,66
0,p4008,1,20
0,p4009,1,55
0,p4010,1,74
0,p4011,1,25
0,p4012,1,77
0,p4013,1,2
0,p4014,1,60
0,p4015,1,30
0,p4016,1,93
0,p4017,1,16
0,p4018,1,94
0,p4019,1,47
0,p4020,1,26
0,p4021,1,2
0,p4022,1,56
0,p4023,1,8
0,p4024,1,94
0,p4025,1,14
0,p4026,1,10
0,p4027,1,72
0,p4028,1,47
0,p4029,1,18
0,p4030,1,9
0,p4031,1,88
0,p4032,1,39
0,p4033,1,69
0,p4034,1,67
0,p4035,1,78
0,p4036,1,94
0,p4037,1,9
0,p4038,1,56
0,p4039,1,35
0,p4040,1,33
0,p4041,1,28
0,p4042,1,70
0,p4043,1,6
0,p4044,1,79
0,p4045,1,22
0,p4046,1,34
0,p4047,1,38
0,p4048,1,17
0,p4049,1,91
0,p4050,1,79
0,p4051,1,65
0,p4052,1,34
0,p4053,1,5
0,p4054,1,4
0,p4055,1,3
0,p4056,1,70
0,p4057,1,12
0,p4058,1,33
0,p4059,1,90
0,p4060,1,37
0,p4061,1,91
0,p4062,1,34
0,p4063,1,10
0,p4064,1,58
0,p4065,1,2
0,p4066,1,93
0,p4067,1,54
0,p4068,1,10
0,p4069,1,6
0,p4070,1,92
0,p4071,1,55
0,p4072,1,98
0,p4073,1,53
0,p4074,1,98
0,p4075,1,52
0,p4076,1,92
0,p4077,1,33
0,p4078,1,43
0,p4079,1,91
0,p4080,1,51
0,p4081,1,28
0,p4082,1,91
0,p4083,1,9
0,p4084,1,79
0,p4085,1,39
0,p4086,1,47
0,p4087,1,81
0,p4088,1,59
0,p4089,1,83
0,p4090,1,74
0,p4091,1,71
0,p4092,1,59
0,p4093,1,65
0,p4094,1,23
0,p4095,1,16
0,p4096,1,77
0,p4097,1,18
0,p4098,1,37
0,p4099,1,47
0,p4100,1,19
0,p4101,1,57
0,p4102,1,44
0,p4103,1,48
0,p4104,1,62
0,p4105,1,4
0,p4106,1,59
0,p4107,1,35
0,p4108,1,12
0,p4109,1,8
0,p4110,1,59
0,p4111,1,17
0,p4112,1,27
0,p4113,1,16
0,p4114,1,57
0,p4115,1,32
0,p4116,1,11
0,p4117,1,30
0,p4118,1,53
0,p4119,1,82
0,p4120,1,67
0,p4121,1,10
0,p4122,1,68
0,p4123,1,22
0,p4124,1,32
0,p4125,1,96
0,p4126,1,53
0,p4127,1,16
0,p4128,1,7
0,p4129,1,78
0,p4130,1,82
0,p4131,1,58
0,p4132,1,80
0,p4133,1,81
0,p4134,1,3
0,p4135,1,81
0,p4136,1,25
0,p4137,1,65
0,p4138,1,48
0,p4139,1,42
0,p4140,1,79
0,p4141,1,94
0,p4142,1,15
0,p4143,1,42
0,p4144,1,99
0,p4145,1,7
0,p4146,1,15
0,p4147,1,30
0,p4148,1,97
0,p4149,1,60
0,p4150,1,37
0,p4151,1,92
0,p4152,1,50
0,p4153,1,66
0,p4154,1,37
0,p4155,1,20
0,p4156,1,12
0,p4157,1,6
0,p4158,1,86
0,p4159,1,71
0,p4160,1,42
0,p4161,1,11
0,p4162,1,59
0,p4163,1,98
0,p4164,1,51
0,p4165,1,18
0,p4166,1,15
0,p4167,1,2
0,p4168,1,3
0,p4169,1,91
0,p4170,1,95
0,p4171,1,49
0,p4172,1,13
0,p4173,1,25
0,p4174,1,92
0,p4175,1,34
0,p4176,1,39
0,p4177,1,53
0,p4178,1,50
0,p4179,1,52
0,p4180,1,92
0,p4181,1,8
0,p4182,1,20
0,p4183,1,54
0,p4184,1,54
0,p4185,1,54
0,p4186,1,42
0,p4187,1,73
0,p4188,1,47
0,p4189,1,47
0,p4190,1,53
0,p4191,1,52
0,p4192,1,26
0,p4193,1,46
0,p4194,1,52
0,p4195,1,64
0,p4196,1,4
0,p4197,1,76
0,p4198,1,91
0,p4199,1,91
0,p4200,1,39
0,p4201,1,78
0,p4202,1,64
0,p4203,1,29
0,p4204,1,38
0,p4205,1,95
0,p4206,1,24
0,p4207,1,67
0,p4208,1,86
0,p4209,1,32
0,p4210,1,38
0,p4211,1,22
0,p4212,1,23
0,p4213,1,26
0,p4214,1,79
0,p4215,1,63
0,p4216,1,37
0,p4217,1,81
0,p4218,1,81
0,p4219,1,7
0,p4220,1,92
0,p4221,1,91
0,p4222,1,69
0,p4223,1,4
0,p4224,1,4
0,p4225,1,93
0,p4226,1,31
0,p4227,1,86
0,p4228,1,6
0,p4229,1,28
0,p4230,1,50
0,p4231,1,57
0,p4232,1,37
0,p4233,1,88
0,p4234,1,96
0,p4235,1,11
0,p4236,1,26
0,p4237,1,62
0,p4238,1,59
0,p4239,1,60
0,p4240,1,58
0,p4241,1,76
0,p4242,1,80
0,p4243,1,79
0,p4244,1,51
0,p4245,1,14
0,p4246,1,19
0,p4247,1,8
0,p4248,1,56
0,p4249,1,93
0,p4250,1,23
0,p4251,1,49
0,p4252,1,49
0,p4253,1,40
0,p4254,1,71
0,p4255,1,76
0,p4256,1,79
0,p4257,1,46
0,p4258,1,40
0,p4259,1,13
0,p4260,1,77
0,p4261,1,27
0,p4262,1,3
0,p4263,1,53
0,p4264,1,50
0,p4265,1,69
0,p4266,1,9
0,p4267,1,97
0,p4268,1,64
0,p4269,1,93
0,p4270,1,2
0,p4271,1,91
0,p4272,1,28
0,p4273,1,58
0,p4274,1,45
0,p4275,1,100
0,p4276,1,86
0,p4277,1,30
0,p4278,1,14
0,p4279,1,78
0,p4280,1,24
0,p4281,1,94
0,p4282,1,58
0,p4283,1,75
0,p4284,1,92
0,p4285,1,81
0,p4286,1,82
0,p4287,1,60
0,p4288,1,23
0,p4289,1,82
0,p4290,1,64
0,p4291,1,41
0,p4292,1,42
0,p4293,1,80
0,p4294,1,37
0,p4295,1,97
0,p4296,1,67
0,p4297,1,72
0,p4298,1,96
0,p4299,1,37
0,p4300,1,81
0,p4301,1,80
0,p4302,1,4
0,p4303,1,97
0,p4304,1,68
0,p4305,1,36
0,p4306,1,57
0,p4307,1,75
0,p4308,1,91
0,p4309,1,73
0,p4310,1,7
0,p4311,1,26
0,p4312,1,72
0,p4313,1,88
0,p4314,1,10
0,p4315,1,56
0,p4316,1,67
0,p4317,1,39
0,p4318,1,69
0,p4319,1,97
0,p4320,1,46
0,p4321,1,70
0,p4322,1,32
0,p4323,1,54
0,p4324,1,5
0,p4325,1,19
0,p4326,1,42
0,p4327,1,46
0,p4328,1,92
0,p4329,1,24
0,p4330,1,92
0,p4331,1,65
0,p4332,1,72
0,p4333,1,32
0,p4334,1,57
0,p4335,1,48
0,p4336,1,22
0,p4337,1,99
0,p4338,1,46
0,p4339,1,58
0,p4340,1,84
0,p4341,1,4
0,p4342,1,58
0,p4343,1,2
0,p4344,1,61
0,p4345,1,34
0,p4346,1,78
0,p4347,1,93
0,p4348,1,23
0,p4349,1,78
0,p4350,1,56
0,p4351,1,51
0,p4352,1,63
0,p4353,1,6
0,p4354,1,14
0,p4355,1,6
0,p4356,1,9
0,p4357,1,4
0,p4358,1,60
0,p4359,1,45
0,p4360,1,27
0,p4361,1,72
0,p4362,1,99
0,p4363,1,7
0,p4364,1,77
0,p4365,1,83
0,p4366,1,79
0,p4367,1,60
0,p4368,1,87
0,p4369,1,28
0,p4370,1,84
0,p4371,1,36
0,p4372,1,90
0,p4373,1,53
0,p4374,1,6
0,p4375,1,66
0,p4376,1,27
0,p4377,1,6
0,p4378,1,66
0,p4379,1,71
0,p4380,1,10
0,p4381,1,68
0,p4382,1,17
0,p4383,1,98
0,p4384,1,86
0,p4385,1,50
0,p4386,1,75
0,p4387,1,96
0,p4388,1,46
0,p4389,1,33
0,p4390,1,5
0,p4391,1,7
0,p4392,1,77
0,p4393,1,82
0,p4394,1,73
0,p4395,1,22
0,p4396,1,66
0,p4397,1,21
0,p4398,1,84
0,p4399,1,97
0,p4400,1,97
0,p4401,1,87
0,p4402,1,54
0,p4403,1,68
0,p4404,1,52
0,p4405,1,53
0,p4406,1,11
0,p4407,1,90
0,p4408,1,61
0,p4409,1,82
0,p4410,1,43
0,p4411,1,32
0,p4412,1,9
0,p4413,1,6
0,p4414,1,94
0,p4415,1,56
0,p4416,1,14
0,p4417,1,73
0,p4418,1,94
0,p4419,1,40
0,p4420,1,45
0,p4421,1,51
0,p4422,1,46
0,p4423,1,38
0,p4424,1,32
0,p4425,1,47
0,p4426,1,38
0,p4427,1,27
0,p4428,1,56
0,p4429,1,85
0,p4430,1,97
0,p4431,1,53
0,p4432,1,57
0,p4433,1,68
0,p4434,1,84
0,p4435,1,29
0,p4436,1,85
0,p4437,1,25
0,p4438,1,31
0,p4439,1,41
0,p4440,1,69
0,p4441,1,54
0,p4442,1,77
0,p4443,1,39
0,p4444,1,38
0,p4445,1,99
0,p4446,1,50
0,p4447,1,23
0,p4448,1,53
0,p4449,1,23
0,p4450,1,17
0,p4451,1,59
0,p4452,1,85
0,p4453,1,80
0,p4454,1,63
0,p4455,1,19
0,p4456,1,68
0,p4457,1,55
0,p4458,1,2
0,p4459,1,66
0,p4460,1,44
0,p4461,1,60
0,p4462,1,25
0,p4463,1,69
0,p4464,1,31
0,p4465,1,6
0,p4466,1,68
0,p4467,1,48
0,p4468,1,65
0,p4469,1,28
0,p4470,1,71
0,p4471,1,15
0,p4472,1,73
0,p4473,1,13
0,p4474,1,47
0,p4475,1,96
0,p4476,1,21
0,p4477,1,21
0,p4478,1,46
0,p4479,1,12
0,p4480,1,100
0,p4481,1,27
0,p4482,1,73
0,p4483,1,20
0,p4484,1,83
0,p4485,1,59
0,p4486,1,20
0,p4487,1,18
0,p4488,1,29
0,p4489,1,11
0,p4490,1,2
0,p4491,1,76
0,p4492,1,62
0,p4493,1,2
0,p4494,1,75
0,p4495,1,48
0,p4496,1,63
0,p4497,1,42
0,p4498,1,45
0,p4499,1,76
0,p4500,1,96
0,p4501,1,22
0,p4502,1,17
0,p4503,1,20
0,p4504,1,66
0,p4505,1,4
0,p4506,1,40
0,p4507,1,2
0,p4508,1,88
0,p4509,1,58
0,p4510,1,44
0,p4511,1,15
0,p4512,1,22
0,p4513,1,65
0,p4514,1,14
0,p4515,1,32
0,p4516,1,59
0,p4517,1,88
0,p4518,1,55
0,p4519,1,3
0,p4520,1,100
0,p4521,1,63
0,p4522,1,4
0,p4523,1,83
0,p4524,1,18
0,p4525,1,6
0,p4526,1,27
0,p4527,1,41
0,p4528,1,21
0,p4529,1,25
0,p4530,1,55
0,p4531,1,20
0,p4532,1,85
0,p4533,1,58
0,p4534,1,8
0,p4535,1,88
0,p4536,1,9
0,p4537,1,31
0,p4538,1,32
0,p4539,1,20
0,p4540,1,15
0,p4541,1,58
0,p4542,1,85
0,p4543,1,89
0,p4544,1,15
0,p4545,1,57
0,p4546,1,57
0,p4547,1,35
0,p4548,1,57
0,p4549,1,30
0,p4550,1,28
0,p4551,1,63
0,p4552,1,12
0,p4553,1,16
0,p4554,1,4
0,p4555,1,89
0,p4556,1,37
0,p4557,1,13
0,p4558,1,50
0,p4559,1,21
0,p4560,1,40
0,p4561,1,84
0,p4562,1,30
0,p4563,1,50
0,p4564,1,94
0,p4565,1,97
0,p4566,1,56
0,p4567,1,23
0,p4568,1,93
0,p4569,1,48
0,p4570,1,44
0,p4571,1,48
0,p4572,1,79
0,p4573,1,60
0,p4574,1,5
0,p4575,1,87
0,p4576,1,3
0,p4577,1,79
0,p4578,1,67
0,p4579,1,89
0,p4580,1,25
0,p4581,1,69
0,p4582,1,7
0,p4583,1,77
0,p4584,1,34
0,p4585,1,97
0,p4586,1,39
0,p4587,1,24
0,p4588,1,24
0,p4589,1,49
0,p4590,1,7
0,p4591,1,47
0,p4592,1,27
0,p4593,1,55
0,p4594,1,20
0,p4595,1,40
0,p4596,1,10
0,p4597,1,85
0,p4598,1,3
0,p4599,1,6
0,p4600,1,42
0,p4601,1,18
0,p4602,1,72
0,p4603,1,53
0,p4604,1,3
0,p4605,1,59
0,p4606,1,47
0,p4607,1,82
0,p4608,1,35
0,p4609,1,35
0,p4610,1,39
0,p4611,1,12
0,p4612,1,34
0,p4613,1,100
0,p4614,1,69
0,p4615,1,48
0,p4616,1,52
0,p4617,1,48
0,p4618,1,93
0,p4619,1,90
0,p4620,1,93
0,p4621,1,47
0,p4622,1,9
0,p4623,1,16
0,p4624,1,39
0,p4625,1,27
0,p4626,1,10
0,p4627,1,33
0,p4628,1,36
0,p4629,1,50
0,p4630,1,41
0,p4631,1,91
0,p4632,1,43
0,p4633,1,65
0,p4634,1,63
0,p4635,1,44
0,p4636,1,90
0,p4637,1,83
0,p4638,1,50
0,p4639,1,34
0,p4640,1,55
0,p4641,1,14
0,p4642,1,70
0,p4643,1,36
0,p4644,1,67
0,p4645,1,66
0,p4646,1,43
0,p4647,1,83
0,p4648,1,14
0,p4649,1,60
0,p4650,1,32
0,p4651,1,45
0,p4652,1,58
0,p4653,1,2
0,p4654,1,50
0,p4655,1,44
0,p4656,1,92
0,p4657,1,79
0,p4658,1,81
0,p4659,1,72
0,p4660,1,78
0,p4661,1,14
0,p4662,1,64
0,p4663,1,23
0,p4664,1,11
0,p4665,1,41
0,p4666,1,76
0,p4667,1,2
0,p4668,1,42
0,p4669,1,51
0,p4670,1,44
0,p4671,1,10
0,p4672,1,63
0,p4673,1,19
0,p4674,1,45
0,p4675,1,25
0,p4676,1,16
0,p4677,1,14
0,p4678,1,22
0,p4679,1,29
0,p4680,1,72
0,p4681,1,86
0,p4682,1,85
0,p4683,1,90
0,p4684,1,17
0,p4685,1,76
0,p4686,1,84
0,p4687,1,92
0,p4688,1,98
0,p4689,1,66
0,p4690,1,41
0,p4691,1,74
0,p4692,1,37
0,p4693,1,86
0,p4694,1,65
0,p4695,1,19
0,p4696,1,54
0,p4697,1,70
0,p4698,1,85
0,p4699,1,73
0,p4700,1,76
0,p4701,1,75
0,p4702,1,10
0,p4703,1,72
0,p4704,1,17
0,p4705,1,4
0,p4706,1,87
0,p4707,1,3
0,p4708,1,64
0,p4709,1,20
0,p4710,1,30
0,p4711,1,85
0,p4712,1,73
0,p4713,1,41
0,p4714,1,59
0,p4715,1,94
0,p4716,1,91
0,p4717,1,90
0,p4718,1,88
0,p4719,1,15
0,p4720,1,98
0,p4721,1,84
0,p4722,1,73
0,p4723,1,74
0,p4724,1,59
0,p4725,1,21
0,p4726,1,54
0,p4727,1,18
0,p4728,1,61
0,p4729,1,54
0,p4730,1,90
0,p4731,1,71
0,p4732,1,5
0,p4733,1,94
0,p4734,1,78
0,p4735,1,77
0,p4736,1,45
0,p4737,1,18
0,p4738,1,26
0,p4739,1,84
0,p4740,1,18
0,p4741,1,95
0,p4742,1,73
0,p4743,1,66
0,p4744,1,18
0,p4745,1,48
0,p4746,1,54
0,p4747,1,30
0,p4748,1,80
0,p4749,1,54
0,p4750,1,91
0,p4751,1,38
0,p4752,1,25
0,p4753,1,85
0,p4754,1,76
0,p4755,1,90
0,p4756,1,74
0,p4757,1,67
0,p4758,1,66
0,p4759,1,66
0,p4760,1,4
0,p4761,1,18
0,p4762,1,97
0,p4763,1,78
0,p4764,1,41
0,p4765,1,83
0,p4766,1,97
0,p4767,1,41
0,p4768,1,8
0,p4769,1,63
0,p4770,1,98
0,p4771,1,30
0,p4772,1,75
0,p4773,1,40
0,p4774,1,54
0,p4775,1,90
0,p4776,1,75
0,p4777,1,80
0,p4778,1,47
0,p4779,1,68
0,p4780,1,34
0,p4781,1,72
0,p4782,1,77
0,p4783,1,84
0,p4784,1,50
0,p4785,1,24
0,p4786,1,49
0,p4787,1,91
0,p4788,1,7
0,p4789,1,84
0,p4790,1,48
0,p4791,1,89
0,p4792,1,38
0,p4793,1,36
0,p4794,1,85
0,p4795,1,30
0,p4796,1,50
0,p4797,1,100
0,p4798,1,79
0,p4799,1,56
0,p4800,1,76
0,p4801,1,74
0,p4802,1,45
0,p4803,1,8
0,p4804,1,10
0,p4805,1,19
0,p4806,1,5
0,p4807,1,74
0,p4808,1,70
0,p4809,1,9
0,p4810,1,93
0,p4811,1,34
0,p4812,1,14
0,p4813,1,61
0,p4814,1,70
0,p4815,1,92
0,p4816,1,32
0,p4817,1,39
0,p4818,1,39
0,p4819,1,86
0,p4820,1,76
0,p4821,1,30
0,p4822,1,23
0,p4823,1,10
0,p4824,1,22
0,p4825,1,38
0,p4826,1,58
0,p4827,1,70
0,p4828,1,8
0,p4829,1,16
0,p4830,1,6
0,p4831,1,64
0,p4832,1,37
0,p4833,1,78
0,p4834,1,82
0,p4835,1,9
0,p4836,1,15
0,p4837,1,77
0,p4838,1,73
0,p4839,1,66
0,p4840,1,25
0,p4841,1,65
0,p4842,1,34
0,p4843,1,67
0,p4844,1,72
0,p4845,1,47
0,p4846,1,72
0,p4847,1,27
0,p4848,1,53
0,p4849,1,36
0,p4850,1,77
0,p4851,1,89
0,p4852,1,38
0,p4853,1,33
0,p4854,1,17
0,p4855,1,90
0,p4856,1,24
0,p4857,1,77
0,p4858,1,72
0,p4859,1,2
0,p4860,1,60
0,p4861,1,100
0,p4862,1,88
0,p4863,1,64
0,p4864,1,22
0,p4865,1,99
0,p4866,1,57
0,p4867,1,77
0,p4868,1,53
0,p4869,1,46
0,p4870,1,49
0,p4871,1,83
0,p4872,1,57
0,p4873,1,15
0,p4874,1,89
0,p4875,1,71
0,p4876,1,38
0,p4877,1,27
0,p4878,1,89
0,p4879,1,51
0,p4880,1,99
0,p4881,1,83
0,p4882,1,15
0,p4883,1,23
0,p4884,1,26
0,p4885,1,87
0,p4886,1,6
0,p4887,1,91
0,p4888,1,72
0,p4889,1,71
0,p4890,1,22
0,p4891,1,27
0,p4892,1,40
0,p4893,1,57
0,p4894,1,62
0,p4895,1,37
0,p4896,1,65
0,p4897,1,91
0,p4898,1,21
0,p4899,1,32
0,p4900,1,8
0,p4901,1,73
0,p4902,1,47
0,p4903,1,16
0,p4904,1,50
0,p4905,1,26
0,p4906,1,6
0,p4907,1,82
0,p4908,1,88
0,p4909,1,60
0,p4910,1,87
0,p4911,1,26
0,p4912,1,22
0,p4913,1,49
0,p4914,1,96
0,p4915,1,19
0,p4916,1,37
0,p4917,1,30
0,p4918,1,35
0,p4919,1,86
0,p4920,1,79
0,p4921,1,85
0,p4922,1,22
0,p4923,1,85
0,p4924,1,54
0,p4925,1,4
0,p4926,1,57
0,p4927,1,85
0,p4928,1,47
0,p4929,1,93
0,p4930,1,19
0,p4931,1,98
0,p4932,1,42
0,p4933,1,16
0,p4934,1,97
0,p4935,1,70
0,p4936,1,4
0,p4937,1,34
0,p4938,1,8
0,p4939,1,14
0,p4940,1,89
0,p4941,1,87
0,p4942,1,89
0,p4943,1,20
0,p4944,1,35
0,p4945,1,26
0,p4946,1,100
0,p4947,1,55
0,p4948,1,77
0,p4949,1,77
0,p4950,1,92
0,p4951,1,39
0,p4952,1,56
0,p4953,1,89
0,p4954,1,6
0,p4955,1,63
0,p4956,1,31
0,p4957,1,71
0,p4958,1,71
0,p4959,1,77
0,p4960,1,59
0,p4961,1,59
0,p4962,1,32
0,p4963,1,88
0,p4964,1,3
0,p4965,1,41
0,p4966,1,65
0,p4967,1,25
0,p4968,1,69
0,p4969,1,43
0,p4970,1,63
0,p4971,1,92
0,p4972,1,80
0,p4973,1,98
0,p4974,1,73
0,p4975,1,95
0,p4976,1,25
0,p4977,1,5
0,p4978,1,56
0,p4979,1,81
0,p4980,1,35
0,p4981,1,83
0,p4982,1,42
0,p4983,1,19
0,p4984,1,13
0,p4985,1,30
0,p4986,1,99
0,p4987,1,39
0,p4988,1,68
0,p4989,1,61
0,p4990,1,13
0,p4991,1,99
0,p4992,1,34
0,p4993,1,52
0,p4994,1,43
0,p4995,1,94
0,p4996,1,33
0,p4997,1,88
0,p4998,1,16
0,p4999,1,27
