scenario,assignment,service_order,allowed_delay,stream_length,floors,elevators,capacity,victim_wait,victim_total,stream_avg_wait,stream_max_wait,ticks
A_cap1_pass_full,round-robin,request,,10,10,1,1,11,16,41.5,74,144
A_cap1_pass_full,round-robin,request,,20,10,1,1,11,16,77,144,284
A_cap1_pass_full,round-robin,request,,40,10,1,1,11,16,147.25,284,564
A_cap1_pass_full,round-robin,request,,80,10,1,1,11,16,287.38,564,1124
A_cap1_pass_full,round-robin,request,,160,10,1,1,11,16,567.44,1124,2244
A_cap1_pass_full,round-robin,request,,320,10,1,1,11,16,1127.47,2244,4484
A_cap1_pass_full,round-robin,direction,,10,10,1,1,137,142,32.5,64,143
A_cap1_pass_full,round-robin,direction,,20,10,1,1,277,282,67.5,134,283
A_cap1_pass_full,round-robin,direction,,40,10,1,1,557,562,137.5,274,563
A_cap1_pass_full,round-robin,direction,,80,10,1,1,1117,1122,277.5,554,1123
A_cap1_pass_full,round-robin,direction,,160,10,1,1,2237,2242,557.5,1114,2243
A_cap1_pass_full,round-robin,direction,,320,10,1,1,4477,4482,1117.5,2234,4483
A_cap1_pass_full,round-robin,forecast,80,10,10,1,1,11,16,41.5,74,144
A_cap1_pass_full,round-robin,forecast,80,20,10,1,1,11,16,77,144,284
A_cap1_pass_full,round-robin,forecast,80,40,10,1,1,11,16,147.25,284,564
A_cap1_pass_full,round-robin,forecast,80,80,10,1,1,11,16,287.38,564,1124
A_cap1_pass_full,round-robin,forecast,80,160,10,1,1,11,16,567.44,1124,2244
A_cap1_pass_full,round-robin,forecast,80,320,10,1,1,11,16,1127.47,2244,4484
A_cap1_pass_full,round-robin,forecast,0,10,10,1,1,11,16,41.5,74,144
A_cap1_pass_full,round-robin,forecast,0,20,10,1,1,11,16,77,144,284
A_cap1_pass_full,round-robin,forecast,0,40,10,1,1,11,16,147.25,284,564
A_cap1_pass_full,round-robin,forecast,0,80,10,1,1,11,16,287.38,564,1124
A_cap1_pass_full,round-robin,forecast,0,160,10,1,1,11,16,567.44,1124,2244
A_cap1_pass_full,round-robin,forecast,0,320,10,1,1,11,16,1127.47,2244,4484
A_cap1_pass_full,round-robin,forecast,none,10,10,1,1,11,16,41.5,74,144
A_cap1_pass_full,round-robin,forecast,none,20,10,1,1,11,16,77,144,284
A_cap1_pass_full,round-robin,forecast,none,40,10,1,1,11,16,147.25,284,564
A_cap1_pass_full,round-robin,forecast,none,80,10,1,1,11,16,287.38,564,1124
A_cap1_pass_full,round-robin,forecast,none,160,10,1,1,11,16,567.44,1124,2244
A_cap1_pass_full,round-robin,forecast,none,320,10,1,1,11,16,1127.47,2244,4484
A_cap1_pass_full,nearest,request,,10,10,1,1,11,16,41.5,74,144
A_cap1_pass_full,nearest,request,,20,10,1,1,11,16,77,144,284
A_cap1_pass_full,nearest,request,,40,10,1,1,11,16,147.25,284,564
A_cap1_pass_full,nearest,request,,80,10,1,1,11,16,287.38,564,1124
A_cap1_pass_full,nearest,request,,160,10,1,1,11,16,567.44,1124,2244
A_cap1_pass_full,nearest,request,,320,10,1,1,11,16,1127.47,2244,4484
A_cap1_pass_full,nearest,direction,,10,10,1,1,137,142,32.5,64,143
A_cap1_pass_full,nearest,direction,,20,10,1,1,277,282,67.5,134,283
A_cap1_pass_full,nearest,direction,,40,10,1,1,557,562,137.5,274,563
A_cap1_pass_full,nearest,direction,,80,10,1,1,1117,1122,277.5,554,1123
A_cap1_pass_full,nearest,direction,,160,10,1,1,2237,2242,557.5,1114,2243
A_cap1_pass_full,nearest,direction,,320,10,1,1,4477,4482,1117.5,2234,4483
A_cap1_pass_full,nearest,forecast,80,10,10,1,1,11,16,41.5,74,144
A_cap1_pass_full,nearest,forecast,80,20,10,1,1,11,16,77,144,284
A_cap1_pass_full,nearest,forecast,80,40,10,1,1,11,16,147.25,284,564
A_cap1_pass_full,nearest,forecast,80,80,10,1,1,11,16,287.38,564,1124
A_cap1_pass_full,nearest,forecast,80,160,10,1,1,11,16,567.44,1124,2244
A_cap1_pass_full,nearest,forecast,80,320,10,1,1,11,16,1127.47,2244,4484
A_cap1_pass_full,nearest,forecast,0,10,10,1,1,11,16,41.5,74,144
A_cap1_pass_full,nearest,forecast,0,20,10,1,1,11,16,77,144,284
A_cap1_pass_full,nearest,forecast,0,40,10,1,1,11,16,147.25,284,564
A_cap1_pass_full,nearest,forecast,0,80,10,1,1,11,16,287.38,564,1124
A_cap1_pass_full,nearest,forecast,0,160,10,1,1,11,16,567.44,1124,2244
A_cap1_pass_full,nearest,forecast,none,10,10,1,1,11,16,41.5,74,144
A_cap1_pass_full,nearest,forecast,none,20,10,1,1,11,16,77,144,284
A_cap1_pass_full,nearest,forecast,none,40,10,1,1,11,16,147.25,284,564
A_cap1_pass_full,nearest,forecast,none,80,10,1,1,11,16,287.38,564,1124
A_cap1_pass_full,nearest,forecast,none,160,10,1,1,11,16,567.44,1124,2244
A_cap1_pass_full,nearest,forecast,none,320,10,1,1,11,16,1127.47,2244,4484
A_cap1_pass_full,forecast,request,,10,10,1,1,11,16,41.5,74,144
A_cap1_pass_full,forecast,request,,20,10,1,1,11,16,77,144,284
A_cap1_pass_full,forecast,request,,40,10,1,1,11,16,147.25,284,564
A_cap1_pass_full,forecast,request,,80,10,1,1,11,16,287.38,564,1124
A_cap1_pass_full,forecast,request,,160,10,1,1,11,16,567.44,1124,2244
A_cap1_pass_full,forecast,request,,320,10,1,1,11,16,1127.47,2244,4484
A_cap1_pass_full,forecast,direction,,10,10,1,1,137,142,32.5,64,143
A_cap1_pass_full,forecast,direction,,20,10,1,1,277,282,67.5,134,283
A_cap1_pass_full,forecast,direction,,40,10,1,1,557,562,137.5,274,563
A_cap1_pass_full,forecast,direction,,80,10,1,1,1117,1122,277.5,554,1123
A_cap1_pass_full,forecast,direction,,160,10,1,1,2237,2242,557.5,1114,2243
A_cap1_pass_full,forecast,direction,,320,10,1,1,4477,4482,1117.5,2234,4483
A_cap1_pass_full,forecast,forecast,80,10,10,1,1,11,16,41.5,74,144
A_cap1_pass_full,forecast,forecast,80,20,10,1,1,11,16,77,144,284
A_cap1_pass_full,forecast,forecast,80,40,10,1,1,11,16,147.25,284,564
A_cap1_pass_full,forecast,forecast,80,80,10,1,1,11,16,287.38,564,1124
A_cap1_pass_full,forecast,forecast,80,160,10,1,1,11,16,567.44,1124,2244
A_cap1_pass_full,forecast,forecast,80,320,10,1,1,11,16,1127.47,2244,4484
A_cap1_pass_full,forecast,forecast,0,10,10,1,1,11,16,41.5,74,144
A_cap1_pass_full,forecast,forecast,0,20,10,1,1,11,16,77,144,284
A_cap1_pass_full,forecast,forecast,0,40,10,1,1,11,16,147.25,284,564
A_cap1_pass_full,forecast,forecast,0,80,10,1,1,11,16,287.38,564,1124
A_cap1_pass_full,forecast,forecast,0,160,10,1,1,11,16,567.44,1124,2244
A_cap1_pass_full,forecast,forecast,0,320,10,1,1,11,16,1127.47,2244,4484
A_cap1_pass_full,forecast,forecast,none,10,10,1,1,11,16,41.5,74,144
A_cap1_pass_full,forecast,forecast,none,20,10,1,1,11,16,77,144,284
A_cap1_pass_full,forecast,forecast,none,40,10,1,1,11,16,147.25,284,564
A_cap1_pass_full,forecast,forecast,none,80,10,1,1,11,16,287.38,564,1124
A_cap1_pass_full,forecast,forecast,none,160,10,1,1,11,16,567.44,1124,2244
A_cap1_pass_full,forecast,forecast,none,320,10,1,1,11,16,1127.47,2244,4484
B_short_stream_vs_long,round-robin,request,,10,20,1,10,14,28,23.5,28,30
B_short_stream_vs_long,round-robin,request,,20,20,1,10,14,28,20.5,28,34
B_short_stream_vs_long,round-robin,request,,40,20,1,10,14,28,14.5,28,42
B_short_stream_vs_long,round-robin,request,,80,20,1,10,14,28,8.05,28,82
B_short_stream_vs_long,round-robin,request,,160,20,1,10,14,28,4.78,28,162
B_short_stream_vs_long,round-robin,request,,320,20,1,10,14,28,3.14,28,322
B_short_stream_vs_long,round-robin,direction,,10,20,1,10,14,28,20.7,27,30
B_short_stream_vs_long,round-robin,direction,,20,20,1,10,14,28,18.9,27,34
B_short_stream_vs_long,round-robin,direction,,40,20,1,10,14,28,13.5,27,42
B_short_stream_vs_long,round-robin,direction,,80,20,1,10,14,28,7.5,27,82
B_short_stream_vs_long,round-robin,direction,,160,20,1,10,14,28,4.5,27,162
B_short_stream_vs_long,round-robin,direction,,320,20,1,10,14,28,3,27,322
B_short_stream_vs_long,round-robin,forecast,80,10,20,1,10,26,40,1.5,3,40
B_short_stream_vs_long,round-robin,forecast,80,20,20,1,10,34,48,1.5,3,48
B_short_stream_vs_long,round-robin,forecast,80,40,20,1,10,54,68,1.5,3,68
B_short_stream_vs_long,round-robin,forecast,80,80,20,1,10,94,108,1.5,3,108
B_short_stream_vs_long,round-robin,forecast,80,160,20,1,10,94,108,4.5,27,162
B_short_stream_vs_long,round-robin,forecast,80,320,20,1,10,94,108,3,27,322
B_short_stream_vs_long,round-robin,forecast,0,10,20,1,10,14,28,20.7,27,30
B_short_stream_vs_long,round-robin,forecast,0,20,20,1,10,14,28,18.9,27,34
B_short_stream_vs_long,round-robin,forecast,0,40,20,1,10,14,28,13.5,27,42
B_short_stream_vs_long,round-robin,forecast,0,80,20,1,10,14,28,7.5,27,82
B_short_stream_vs_long,round-robin,forecast,0,160,20,1,10,14,28,4.5,27,162
B_short_stream_vs_long,round-robin,forecast,0,320,20,1,10,14,28,3,27,322
B_short_stream_vs_long,round-robin,forecast,none,10,20,1,10,26,40,1.5,3,40
B_short_stream_vs_long,round-robin,forecast,none,20,20,1,10,34,48,1.5,3,48
B_short_stream_vs_long,round-robin,forecast,none,40,20,1,10,54,68,1.5,3,68
B_short_stream_vs_long,round-robin,forecast,none,80,20,1,10,94,108,1.5,3,108
B_short_stream_vs_long,round-robin,forecast,none,160,20,1,10,174,188,1.5,3,188
B_short_stream_vs_long,round-robin,forecast,none,320,20,1,10,334,348,1.5,3,348
B_short_stream_vs_long,nearest,request,,10,20,1,10,14,28,23.5,28,30
B_short_stream_vs_long,nearest,request,,20,20,1,10,14,28,20.5,28,34
B_short_stream_vs_long,nearest,request,,40,20,1,10,14,28,14.5,28,42
B_short_stream_vs_long,nearest,request,,80,20,1,10,14,28,8.05,28,82
B_short_stream_vs_long,nearest,request,,160,20,1,10,14,28,4.78,28,162
B_short_stream_vs_long,nearest,request,,320,20,1,10,14,28,3.14,28,322
B_short_stream_vs_long,nearest,direction,,10,20,1,10,14,28,20.7,27,30
B_short_stream_vs_long,nearest,direction,,20,20,1,10,14,28,18.9,27,34
B_short_stream_vs_long,nearest,direction,,40,20,1,10,14,28,13.5,27,42
B_short_stream_vs_long,nearest,direction,,80,20,1,10,14,28,7.5,27,82
B_short_stream_vs_long,nearest,direction,,160,20,1,10,14,28,4.5,27,162
B_short_stream_vs_long,nearest,direction,,320,20,1,10,14,28,3,27,322
B_short_stream_vs_long,nearest,forecast,80,10,20,1,10,26,40,1.5,3,40
B_short_stream_vs_long,nearest,forecast,80,20,20,1,10,34,48,1.5,3,48
B_short_stream_vs_long,nearest,forecast,80,40,20,1,10,54,68,1.5,3,68
B_short_stream_vs_long,nearest,forecast,80,80,20,1,10,94,108,1.5,3,108
B_short_stream_vs_long,nearest,forecast,80,160,20,1,10,94,108,4.5,27,162
B_short_stream_vs_long,nearest,forecast,80,320,20,1,10,94,108,3,27,322
B_short_stream_vs_long,nearest,forecast,0,10,20,1,10,14,28,20.7,27,30
B_short_stream_vs_long,nearest,forecast,0,20,20,1,10,14,28,18.9,27,34
B_short_stream_vs_long,nearest,forecast,0,40,20,1,10,14,28,13.5,27,42
B_short_stream_vs_long,nearest,forecast,0,80,20,1,10,14,28,7.5,27,82
B_short_stream_vs_long,nearest,forecast,0,160,20,1,10,14,28,4.5,27,162
B_short_stream_vs_long,nearest,forecast,0,320,20,1,10,14,28,3,27,322
B_short_stream_vs_long,nearest,forecast,none,10,20,1,10,26,40,1.5,3,40
B_short_stream_vs_long,nearest,forecast,none,20,20,1,10,34,48,1.5,3,48
B_short_stream_vs_long,nearest,forecast,none,40,20,1,10,54,68,1.5,3,68
B_short_stream_vs_long,nearest,forecast,none,80,20,1,10,94,108,1.5,3,108
B_short_stream_vs_long,nearest,forecast,none,160,20,1,10,174,188,1.5,3,188
B_short_stream_vs_long,nearest,forecast,none,320,20,1,10,334,348,1.5,3,348
B_short_stream_vs_long,forecast,request,,10,20,1,10,14,28,23.5,28,30
B_short_stream_vs_long,forecast,request,,20,20,1,10,14,28,20.5,28,34
B_short_stream_vs_long,forecast,request,,40,20,1,10,14,28,14.5,28,42
B_short_stream_vs_long,forecast,request,,80,20,1,10,14,28,8.05,28,82
B_short_stream_vs_long,forecast,request,,160,20,1,10,14,28,4.78,28,162
B_short_stream_vs_long,forecast,request,,320,20,1,10,14,28,3.14,28,322
B_short_stream_vs_long,forecast,direction,,10,20,1,10,14,28,20.7,27,30
B_short_stream_vs_long,forecast,direction,,20,20,1,10,14,28,18.9,27,34
B_short_stream_vs_long,forecast,direction,,40,20,1,10,14,28,13.5,27,42
B_short_stream_vs_long,forecast,direction,,80,20,1,10,14,28,7.5,27,82
B_short_stream_vs_long,forecast,direction,,160,20,1,10,14,28,4.5,27,162
B_short_stream_vs_long,forecast,direction,,320,20,1,10,14,28,3,27,322
B_short_stream_vs_long,forecast,forecast,80,10,20,1,10,26,40,1.5,3,40
B_short_stream_vs_long,forecast,forecast,80,20,20,1,10,34,48,1.5,3,48
B_short_stream_vs_long,forecast,forecast,80,40,20,1,10,54,68,1.5,3,68
B_short_stream_vs_long,forecast,forecast,80,80,20,1,10,94,108,1.5,3,108
B_short_stream_vs_long,forecast,forecast,80,160,20,1,10,94,108,4.5,27,162
B_short_stream_vs_long,forecast,forecast,80,320,20,1,10,94,108,3,27,322
B_short_stream_vs_long,forecast,forecast,0,10,20,1,10,14,28,20.7,27,30
B_short_stream_vs_long,forecast,forecast,0,20,20,1,10,14,28,18.9,27,34
B_short_stream_vs_long,forecast,forecast,0,40,20,1,10,14,28,13.5,27,42
B_short_stream_vs_long,forecast,forecast,0,80,20,1,10,14,28,7.5,27,82
B_short_stream_vs_long,forecast,forecast,0,160,20,1,10,14,28,4.5,27,162
B_short_stream_vs_long,forecast,forecast,0,320,20,1,10,14,28,3,27,322
B_short_stream_vs_long,forecast,forecast,none,10,20,1,10,26,40,1.5,3,40
B_short_stream_vs_long,forecast,forecast,none,20,20,1,10,34,48,1.5,3,48
B_short_stream_vs_long,forecast,forecast,none,40,20,1,10,54,68,1.5,3,68
B_short_stream_vs_long,forecast,forecast,none,80,20,1,10,94,108,1.5,3,108
B_short_stream_vs_long,forecast,forecast,none,160,20,1,10,174,188,1.5,3,188
B_short_stream_vs_long,forecast,forecast,none,320,20,1,10,334,348,1.5,3,348
C_stream_long_4lifts,round-robin,request,,10,100,4,10,98,196,43.5,201,210
C_stream_long_4lifts,round-robin,request,,20,100,4,10,98,196,56.75,213,231
C_stream_long_4lifts,round-robin,request,,40,100,4,10,98,196,63.17,218,256
C_stream_long_4lifts,round-robin,request,,80,100,4,10,98,196,71.66,231,308
C_stream_long_4lifts,round-robin,request,,160,100,4,10,98,196,81.94,231,375
C_stream_long_4lifts,round-robin,request,,320,100,4,10,98,196,100.25,291,613
C_stream_long_4lifts,round-robin,direction,,10,100,4,10,98,196,23.3,195,204
C_stream_long_4lifts,round-robin,direction,,20,100,4,10,98,196,40.85,195,205
C_stream_long_4lifts,round-robin,direction,,40,100,4,10,98,196,45.08,195,205
C_stream_long_4lifts,round-robin,direction,,80,100,4,10,98,196,42.14,195,205
C_stream_long_4lifts,round-robin,direction,,160,100,4,10,98,196,34.42,195,219
C_stream_long_4lifts,round-robin,direction,,320,100,4,10,98,196,21.02,195,329
C_stream_long_4lifts,round-robin,forecast,80,10,100,4,10,100,198,4.1,9,198
C_stream_long_4lifts,round-robin,forecast,80,20,100,4,10,120,218,4.85,14,218
C_stream_long_4lifts,round-robin,forecast,80,40,100,4,10,138,236,7.12,22,236
C_stream_long_4lifts,round-robin,forecast,80,80,100,4,10,178,276,6.99,22,276
C_stream_long_4lifts,round-robin,forecast,80,160,100,4,10,178,276,24.63,193,285
C_stream_long_4lifts,round-robin,forecast,80,320,100,4,10,178,276,21.2,193,337
C_stream_long_4lifts,round-robin,forecast,0,10,100,4,10,98,196,23.3,195,204
C_stream_long_4lifts,round-robin,forecast,0,20,100,4,10,98,196,42.85,195,205
C_stream_long_4lifts,round-robin,forecast,0,40,100,4,10,98,196,46.23,195,205
C_stream_long_4lifts,round-robin,forecast,0,80,100,4,10,98,196,43.02,195,205
C_stream_long_4lifts,round-robin,forecast,0,160,100,4,10,98,196,34.9,195,228
C_stream_long_4lifts,round-robin,forecast,0,320,100,4,10,98,196,22.16,195,345
C_stream_long_4lifts,round-robin,forecast,none,10,100,4,10,100,198,4.1,9,198
C_stream_long_4lifts,round-robin,forecast,none,20,100,4,10,120,218,4.85,14,218
C_stream_long_4lifts,round-robin,forecast,none,40,100,4,10,138,236,7.12,22,236
C_stream_long_4lifts,round-robin,forecast,none,80,100,4,10,182,280,6.84,22,280
C_stream_long_4lifts,round-robin,forecast,none,160,100,4,10,260,358,6.24,29,358
C_stream_long_4lifts,round-robin,forecast,none,320,100,4,10,428,526,5.92,35,526
C_stream_long_4lifts,nearest,request,,10,100,4,10,98,196,42.5,205,210
C_stream_long_4lifts,nearest,request,,20,100,4,10,98,196,23.85,205,210
C_stream_long_4lifts,nearest,request,,40,100,4,10,98,196,21.43,205,210
C_stream_long_4lifts,nearest,request,,80,100,4,10,98,196,30.79,205,210
C_stream_long_4lifts,nearest,request,,160,100,4,10,98,196,50.71,205,258
C_stream_long_4lifts,nearest,request,,320,100,4,10,98,196,67.62,205,435
C_stream_long_4lifts,nearest,direction,,10,100,4,10,98,196,2.5,5,196
C_stream_long_4lifts,nearest,direction,,20,100,4,10,98,196,3.65,9,196
C_stream_long_4lifts,nearest,direction,,40,100,4,10,98,196,3.62,15,196
C_stream_long_4lifts,nearest,direction,,80,100,4,10,98,196,4.03,17,196
C_stream_long_4lifts,nearest,direction,,160,100,4,10,98,196,3.65,17,196
C_stream_long_4lifts,nearest,direction,,320,100,4,10,98,196,3.83,17,333
C_stream_long_4lifts,nearest,forecast,80,10,100,4,10,98,196,2.5,5,196
C_stream_long_4lifts,nearest,forecast,80,20,100,4,10,98,196,3.35,9,196
C_stream_long_4lifts,nearest,forecast,80,40,100,4,10,98,196,3.83,13,196
C_stream_long_4lifts,nearest,forecast,80,80,100,4,10,98,196,3.6,15,196
C_stream_long_4lifts,nearest,forecast,80,160,100,4,10,98,196,3.56,20,196
C_stream_long_4lifts,nearest,forecast,80,320,100,4,10,98,196,3.5,20,333
C_stream_long_4lifts,nearest,forecast,0,10,100,4,10,98,196,2.5,5,196
C_stream_long_4lifts,nearest,forecast,0,20,100,4,10,98,196,3.35,9,196
C_stream_long_4lifts,nearest,forecast,0,40,100,4,10,98,196,4.25,23,196
C_stream_long_4lifts,nearest,forecast,0,80,100,4,10,98,196,5.49,30,196
C_stream_long_4lifts,nearest,forecast,0,160,100,4,10,98,196,5.34,30,196
C_stream_long_4lifts,nearest,forecast,0,320,100,4,10,98,196,5.16,30,339
C_stream_long_4lifts,nearest,forecast,none,10,100,4,10,98,196,2.5,5,196
C_stream_long_4lifts,nearest,forecast,none,20,100,4,10,98,196,3.35,9,196
C_stream_long_4lifts,nearest,forecast,none,40,100,4,10,98,196,3.83,13,196
C_stream_long_4lifts,nearest,forecast,none,80,100,4,10,98,196,3.6,15,196
C_stream_long_4lifts,nearest,forecast,none,160,100,4,10,98,196,3.56,20,196
C_stream_long_4lifts,nearest,forecast,none,320,100,4,10,98,196,3.5,20,333
C_stream_long_4lifts,forecast,request,,10,100,4,10,98,196,2.3,5,196
C_stream_long_4lifts,forecast,request,,20,100,4,10,98,196,3.25,8,196
C_stream_long_4lifts,forecast,request,,40,100,4,10,98,196,4.42,12,196
C_stream_long_4lifts,forecast,request,,80,100,4,10,98,196,5.49,13,196
C_stream_long_4lifts,forecast,request,,160,100,4,10,98,196,4.58,13,196
C_stream_long_4lifts,forecast,request,,320,100,4,10,98,196,3.7,13,331
C_stream_long_4lifts,forecast,direction,,10,100,4,10,98,196,2.4,5,196
C_stream_long_4lifts,forecast,direction,,20,100,4,10,98,196,3.65,9,196
C_stream_long_4lifts,forecast,direction,,40,100,4,10,98,196,3.62,10,196
C_stream_long_4lifts,forecast,direction,,80,100,4,10,98,196,3.35,10,196
C_stream_long_4lifts,forecast,direction,,160,100,4,10,98,196,3.33,12,196
C_stream_long_4lifts,forecast,direction,,320,100,4,10,98,196,2.96,12,327
C_stream_long_4lifts,forecast,forecast,80,10,100,4,10,98,196,2.4,5,196
C_stream_long_4lifts,forecast,forecast,80,20,100,4,10,98,196,3.4,9,196
C_stream_long_4lifts,forecast,forecast,80,40,100,4,10,98,196,3.05,13,196
C_stream_long_4lifts,forecast,forecast,80,80,100,4,10,98,196,3.27,17,196
C_stream_long_4lifts,forecast,forecast,80,160,100,4,10,98,196,3.16,17,196
C_stream_long_4lifts,forecast,forecast,80,320,100,4,10,98,196,2.92,17,331
C_stream_long_4lifts,forecast,forecast,0,10,100,4,10,98,196,2.4,5,196
C_stream_long_4lifts,forecast,forecast,0,20,100,4,10,98,196,3.65,9,196
C_stream_long_4lifts,forecast,forecast,0,40,100,4,10,98,196,4.17,14,196
C_stream_long_4lifts,forecast,forecast,0,80,100,4,10,98,196,3.74,14,196
C_stream_long_4lifts,forecast,forecast,0,160,100,4,10,98,196,3.73,14,196
C_stream_long_4lifts,forecast,forecast,0,320,100,4,10,98,196,3.12,14,327
C_stream_long_4lifts,forecast,forecast,none,10,100,4,10,98,196,2.4,5,196
C_stream_long_4lifts,forecast,forecast,none,20,100,4,10,98,196,3.4,9,196
C_stream_long_4lifts,forecast,forecast,none,40,100,4,10,98,196,3.05,13,196
C_stream_long_4lifts,forecast,forecast,none,80,100,4,10,98,196,3.27,17,196
C_stream_long_4lifts,forecast,forecast,none,160,100,4,10,98,196,3.16,17,196
C_stream_long_4lifts,forecast,forecast,none,320,100,4,10,98,196,2.92,17,331
